osmid,remap_id
334304104,0
334304160,1
334304164,2
334304167,3
334304432,4
334304433,5
334304434,6
334304444,7
334304448,8
334305011,9
334305013,10
334324836,11
334324838,12
334325320,13
334325323,14
334325326,15
334325330,16
334358403,17
334358674,18
334360327,19
334360329,20
334360330,21
334360334,22
334360338,23
334360339,24
334360341,25
334360346,26
334360358,27
334360359,28
334360363,29
334360364,30
334360370,31
334360391,32
334360401,33
334360403,34
334363416,35
334363433,36
334363442,37
334363443,38
334363444,39
334369611,40
334380061,41
334380065,42
334380072,43
334380074,44
334380075,45
334380312,46
334380318,47
334380319,48
334650460,49
334650461,50
334650462,51
334650463,52
334650464,53
334650465,54
334650466,55
334650518,56
334650533,57
334650534,58
334650535,59
334650536,60
334650537,61
334650576,62
335579307,63
335579308,64
338475997,65
338476001,66
401244518,67
401256780,68
401256897,69
401256955,70
401257628,71
401257629,72
401257632,73
401257634,74
401257636,75
401257637,76
401257640,77
401284763,78
401284764,79
401284787,80
401285165,81
401285241,82
401285243,83
401285245,84
401285411,85
401285414,86
401285557,87
402990784,88
402990786,89
402993318,90
402993698,91
402996797,92
403003332,93
403004953,94
403022992,95
403025835,96
403033004,97
403108046,98
403108049,99
403108246,100
403108436,101
403108469,102
403108897,103
403110622,104
403112426,105
403112428,106
403112763,107
403113540,108
403113836,109
403114153,110
403115117,111
403115120,112
403115590,113
403115591,114
403118301,115
403119514,116
403124269,117
403207351,118
403208780,119
403211221,120
403211225,121
403211238,122
403213442,123
403213446,124
403213449,125
403214906,126
403214911,127
403220285,128
403222071,129
403222072,130
403222076,131
403222079,132
403222083,133
403222084,134
403222927,135
403222930,136
403226219,137
403226224,138
403227045,139
403227047,140
403227051,141
403227059,142
403228431,143
403228445,144
403228450,145
403228462,146
403230602,147
403234915,148
403237683,149
403237761,150
403237764,151
403237766,152
403237773,153
403241515,154
403241527,155
403241530,156
403245438,157
403245444,158
403247399,159
403247403,160
403247407,161
403247415,162
403247425,163
403247433,164
403247444,165
403250528,166
403251665,167
403251671,168
403251675,169
403251678,170
403251682,171
403252393,172
403253267,173
403255680,174
403276724,175
403278101,176
403279006,177
403282179,178
403300835,179
403300959,180
403302313,181
403302708,182
403302711,183
403302714,184
403304199,185
403304209,186
403304724,187
403306018,188
403306020,189
403306021,190
403306022,191
403306332,192
403308900,193
403310827,194
403313612,195
403314521,196
403316633,197
403316635,198
403316636,199
403328069,200
403329681,201
403330174,202
403330684,203
403345544,204
403345548,205
403349464,206
403349466,207
403349469,208
403349477,209
403351241,210
403351255,211
403354002,212
403357856,213
403357859,214
403357864,215
403357877,216
403357889,217
403359260,218
403359263,219
403361489,220
403361492,221
403361495,222
403361498,223
403361502,224
403361521,225
403361529,226
403364660,227
403365627,228
403367327,229
403367329,230
404576328,231
404578760,232
404585578,233
404596712,234
404596727,235
404596768,236
404596790,237
404596794,238
404596813,239
404596844,240
404597536,241
404613154,242
404621123,243
404621875,244
404622809,245
404622821,246
404625285,247
404628409,248
404628417,249
404628426,250
404628439,251
404628444,252
404632205,253
404632214,254
404632227,255
404633305,256
404633309,257
404633313,258
404633326,259
404640342,260
404641802,261
404642363,262
404642371,263
404642377,264
404656641,265
406091148,266
406091154,267
406091158,268
406094257,269
406094302,270
406094306,271
406094311,272
406095950,273
406097317,274
406109735,275
406109739,276
406113226,277
406114042,278
406117812,279
406120051,280
406122629,281
406122637,282
406122643,283
406122658,284
406124739,285
406130907,286
406130909,287
406130918,288
406130926,289
406130931,290
406130934,291
406130944,292
406135442,293
406135449,294
406140309,295
406143584,296
406149779,297
406149782,298
406149790,299
406149794,300
406151029,301
406151033,302
406441967,303
406441968,304
406441990,305
406444286,306
406444289,307
406444292,308
406444302,309
406444305,310
406444308,311
406445403,312
406445417,313
406445419,314
406447361,315
406447365,316
406447368,317
406447372,318
406447375,319
406449014,320
406449019,321
406449021,322
406451324,323
406451328,324
406451330,325
406451332,326
406451333,327
406451967,328
406451996,329
406457010,330
406458792,331
406459677,332
406459681,333
406465622,334
406475537,335
406475540,336
406486055,337
406486067,338
406486071,339
406487679,340
406491954,341
406494822,342
406494829,343
406496463,344
406496465,345
406501673,346
406501678,347
406501689,348
406501695,349
406502418,350
406510114,351
406510116,352
406510118,353
406510119,354
406510126,355
406510133,356
406513848,357
406515190,358
406515193,359
406515196,360
406532706,361
406532709,362
406532712,363
406532720,364
412198260,365
412198572,366
412198614,367
412198615,368
412198619,369
412198649,370
412198653,371
412198661,372
412199346,373
412199347,374
412199348,375
412199483,376
412199700,377
412199702,378
412199703,379
412199918,380
412199931,381
412200538,382
412200845,383
412200846,384
412200882,385
412200886,386
412200889,387
412200960,388
412200961,389
412201011,390
412201076,391
412201081,392
412201557,393
412201738,394
412201866,395
412202349,396
412475298,397
412475424,398
412475426,399
412475427,400
412475428,401
412475429,402
412475432,403
412475502,404
412475503,405
412475504,406
412475557,407
412475843,408
412475844,409
412475845,410
412475846,411
412475847,412
412475865,413
412475866,414
412475980,415
412475981,416
412475983,417
412475984,418
412475985,419
412475987,420
412475988,421
412476725,422
412476975,423
412476979,424
412476993,425
412477071,426
412477077,427
412477079,428
412477290,429
412477291,430
412477292,431
412477293,432
412477330,433
412477361,434
412477362,435
412477363,436
412477365,437
412477366,438
412477509,439
412477510,440
412477512,441
412477564,442
412477565,443
412477566,444
412477567,445
412477568,446
412477569,447
412477570,448
412477571,449
412477649,450
412477650,451
412477651,452
412477652,453
412477653,454
412477654,455
412477800,456
412477812,457
412477813,458
412478112,459
412478115,460
412479109,461
412479110,462
412479111,463
412479119,464
412479120,465
412479619,466
412479664,467
412480640,468
412480641,469
412480686,470
412480687,471
412480689,472
412480690,473
412480691,474
412481424,475
412481429,476
412483002,477
412483004,478
412483434,479
412483435,480
412483642,481
412485034,482
412485036,483
412485039,484
412485146,485
412485288,486
412485289,487
412485290,488
412485348,489
412485568,490
412485588,491
412485589,492
412486148,493
412486507,494
412486850,495
412486858,496
412489565,497
412489576,498
412490561,499
412564883,500
412727847,501
412727853,502
412727854,503
412727857,504
412727874,505
412727875,506
412727887,507
412727891,508
412727892,509
412727893,510
412728327,511
412728330,512
412728347,513
412728531,514
412728532,515
412728533,516
412728534,517
412728535,518
412728536,519
412728537,520
412754507,521
412754527,522
412754528,523
412754529,524
412754530,525
412754566,526
412759151,527
412759152,528
412759153,529
412759162,530
412759164,531
412759294,532
412759296,533
412759298,534
412759690,535
412759691,536
412759693,537
412759697,538
412759749,539
412760139,540
412760141,541
412760142,542
412760143,543
412760144,544
412760145,545
412760146,546
412760394,547
412760395,548
412760397,549
412760398,550
412760426,551
412760427,552
412760428,553
412760632,554
412760633,555
412760636,556
412760637,557
412760640,558
412761121,559
412761266,560
412761273,561
412761275,562
412761283,563
412761310,564
412761439,565
412761442,566
412767432,567
412767433,568
412767434,569
412767435,570
412767436,571
412767437,572
412767715,573
412767718,574
412768762,575
412769196,576
412770466,577
412770468,578
412772645,579
412772659,580
412772661,581
412772664,582
412772665,583
412772667,584
412772668,585
412772669,586
412772671,587
412772857,588
412774484,589
412774895,590
412774901,591
412774902,592
412774977,593
412775016,594
412775807,595
412775808,596
412775809,597
412780508,598
412780511,599
412780739,600
412780740,601
412780753,602
412780756,603
412780759,604
412946934,605
412946938,606
412947208,607
412947220,608
412947293,609
412947640,610
412948278,611
412951623,612
414087381,613
414087848,614
414087992,615
414089550,616
414089556,617
414090506,618
414091159,619
414092274,620
414093206,621
414093226,622
415667682,623
415669226,624
415985176,625
415985177,626
415985183,627
415985185,628
415992997,629
415993551,630
415993554,631
415993694,632
415993696,633
415993697,634
415993698,635
415993700,636
415993762,637
415993763,638
415993764,639
415993765,640
415993767,641
415993780,642
415993785,643
415993787,644
415993788,645
415993794,646
415993843,647
415993847,648
415993850,649
415993853,650
415993854,651
415993912,652
415993913,653
415993914,654
415993915,655
415993917,656
415993920,657
415994008,658
415994009,659
415994010,660
415994011,661
415994012,662
415994013,663
415994014,664
415994015,665
415994294,666
415994309,667
415994312,668
416055431,669
416055437,670
417643344,671
417643350,672
417643357,673
417643359,674
417643361,675
417643362,676
417643365,677
418792896,678
418792982,679
418792984,680
418793698,681
418794310,682
418794318,683
418794669,684
418795350,685
418795681,686
418795839,687
418795936,688
418797813,689
418797815,690
418803812,691
418805073,692
418805146,693
418805147,694
418806414,695
418806423,696
418807811,697
418807814,698
418807816,699
418807884,700
418807885,701
418807886,702
418807887,703
418807888,704
418807889,705
418808039,706
418808072,707
418808084,708
418808392,709
418808470,710
493138049,711
567877248,712
567877257,713
604389297,714
610579522,715
610579525,716
610579529,717
610579530,718
610579532,719
610579533,720
610579534,721
610579586,722
665770255,723
665772905,724
665776436,725
665776438,726
665776439,727
665776440,728
665776446,729
665776447,730
677291088,731
677291089,732
677291098,733
677291100,734
677291101,735
677291104,736
677291107,737
677291119,738
677292302,739
677292304,740
677292305,741
677292309,742
677292310,743
677292311,744
677292312,745
677292314,746
677292316,747
677292317,748
677292318,749
677292324,750
677292327,751
677292328,752
677292331,753
677292332,754
677292333,755
677292337,756
677292338,757
677292339,758
677292342,759
677292343,760
677292345,761
677292346,762
677292350,763
677292353,764
677292356,765
677292368,766
677292371,767
677292373,768
677292374,769
677292375,770
677292376,771
677292377,772
677292379,773
677292380,774
677292381,775
677292382,776
677292383,777
677292384,778
677292385,779
677292386,780
677292388,781
677292393,782
677292396,783
677292398,784
677292400,785
677292401,786
677292403,787
677292405,788
677292406,789
677292407,790
677292412,791
677292417,792
677292419,793
677293254,794
677293257,795
677293258,796
677293259,797
677293261,798
677293263,799
677293264,800
677293266,801
677293268,802
677295344,803
677295345,804
677295348,805
677295349,806
677295352,807
677295353,808
677295354,809
677295355,810
677295358,811
677295359,812
677295360,813
677295361,814
677295367,815
677295391,816
677295392,817
677295393,818
677295395,819
677295401,820
677295403,821
677295413,822
677295414,823
677295418,824
677295420,825
677295423,826
677295429,827
677295430,828
677295433,829
678569389,830
717563021,831
785860536,832
818871863,833
906119710,834
906119718,835
1170838566,836
1170838567,837
1170838569,838
1170838593,839
1170838601,840
1170838618,841
1170838627,842
1170838646,843
1170838651,844
1170838660,845
1170838681,846
1170838684,847
1170838686,848
1170838698,849
1170838767,850
1170838777,851
1170838806,852
1170838818,853
1170838840,854
1170838851,855
1170838857,856
1170838869,857
1170838880,858
1170838883,859
1170838884,860
1170838907,861
1170838934,862
1170838945,863
1170838991,864
1170839013,865
1170839036,866
1170839045,867
1170839106,868
1170839120,869
1170839147,870
1170839166,871
1170839195,872
1170839199,873
1170839251,874
1170839255,875
1170839258,876
1170839321,877
1170839325,878
1170839328,879
1170839344,880
1170839367,881
1170839374,882
1170839431,883
1170839441,884
1170839444,885
1170839447,886
1170839492,887
1170839494,888
1170839496,889
1170839513,890
1170839527,891
1170839569,892
1170839573,893
1170839576,894
1170839578,895
1170839601,896
1170839621,897
1170839656,898
1170839658,899
1170839691,900
1170839700,901
1170839705,902
1170839707,903
1170839716,904
1170839731,905
1170839739,906
1170839744,907
1170839751,908
1170839788,909
1170839796,910
1170839809,911
1170839816,912
1170839827,913
1171848043,914
1171848046,915
1171848050,916
1171848055,917
1171848056,918
1171848057,919
1171848074,920
1171848076,921
1171848085,922
1171848091,923
1171848095,924
1171848099,925
1171848108,926
1171848111,927
1171848122,928
1171848123,929
1171848124,930
1171848127,931
1171848131,932
1171848135,933
1171848143,934
1171848158,935
1171848159,936
1171848160,937
1171848164,938
1171848169,939
1171848172,940
1171848173,941
1171848179,942
1171848183,943
1171848186,944
1171848192,945
1171848194,946
1171848195,947
1171848199,948
1171848212,949
1171848222,950
1171848226,951
1171848231,952
1171848251,953
1171848252,954
1171848253,955
1171848281,956
1171848299,957
1171848308,958
1171848309,959
1171848319,960
1171848329,961
1171848330,962
1171848334,963
1171848340,964
1171848343,965
1171848351,966
1171848353,967
1171848356,968
1171848359,969
1171848360,970
1171848365,971
1171848367,972
1171848399,973
1171848409,974
1171848419,975
1171848443,976
1171848459,977
1171848477,978
1171848485,979
1171848488,980
1171848490,981
1171848507,982
1171848515,983
1171848523,984
1171848524,985
1171848525,986
1172876340,987
1172876410,988
1172876432,989
1172876458,990
1172876483,991
1172876484,992
1172876486,993
1172876509,994
1172876520,995
1172876548,996
1172876569,997
1172876576,998
1172876580,999
1172876599,1000
1172876603,1001
1172876605,1002
1172876618,1003
1172876620,1004
1172876649,1005
1172876676,1006
1172876679,1007
1172876697,1008
1172876710,1009
1172876714,1010
1172876775,1011
1172876776,1012
1172876800,1013
1172876834,1014
1172876922,1015
1172876930,1016
1172876966,1017
1172876989,1018
1172876994,1019
1174021922,1020
1174021923,1021
1176788098,1022
1176788103,1023
1176788106,1024
1176788108,1025
1176788109,1026
1176788130,1027
1176788134,1028
1176788142,1029
1176788168,1030
1176788171,1031
1176788179,1032
1176788182,1033
1176788203,1034
1176788207,1035
1176788210,1036
1176788227,1037
1176788235,1038
1176788238,1039
1176788242,1040
1176788248,1041
1176788273,1042
1176788277,1043
1176788278,1044
1176788281,1045
1176788283,1046
1176788286,1047
1176788308,1048
1176788319,1049
1176788322,1050
1176788345,1051
1176788349,1052
1176788351,1053
1176788353,1054
1177761255,1055
1177761300,1056
1177761301,1057
1177761305,1058
1177761308,1059
1177761309,1060
1177761313,1061
1177761325,1062
1177761328,1063
1177761329,1064
1177761347,1065
1177761349,1066
1177761351,1067
1177761362,1068
1177761370,1069
1177761378,1070
1177761384,1071
1177761402,1072
1177761404,1073
1177761409,1074
1177761444,1075
1177761459,1076
1177761461,1077
1179259631,1078
1179259684,1079
1179259717,1080
1179259722,1081
1179259788,1082
1179259845,1083
1179259852,1084
1179259868,1085
1179259890,1086
1179259916,1087
1179259920,1088
1179259924,1089
1179259945,1090
1179259959,1091
1179259962,1092
1179259984,1093
1179259994,1094
1179259997,1095
1179260011,1096
1179260016,1097
1179260035,1098
1179260039,1099
1179260041,1100
1179260068,1101
1179260074,1102
1179260104,1103
1180316530,1104
1180316535,1105
1180316542,1106
1180316551,1107
1180316564,1108
1180316567,1109
1180316570,1110
1180316579,1111
1180316584,1112
1180316586,1113
1180316588,1114
1180316595,1115
1180316604,1116
1180316611,1117
1180316616,1118
1180316622,1119
1180316623,1120
1180316636,1121
1180316659,1122
1180316663,1123
1180316674,1124
1180322374,1125
1180322375,1126
1180322383,1127
1180322385,1128
1282886343,1129
1282895860,1130
1282895861,1131
1282895863,1132
1282895866,1133
1282895868,1134
1282895872,1135
1282895877,1136
1282895879,1137
1282895882,1138
1282895883,1139
1282895884,1140
1282895890,1141
1282895892,1142
1282895893,1143
1282895897,1144
1282895907,1145
1282895912,1146
1282895916,1147
1282895923,1148
1282895925,1149
1282895929,1150
1282895941,1151
1282895951,1152
1282895953,1153
1282895954,1154
1282895956,1155
1282895957,1156
1282895960,1157
1282895963,1158
1282895970,1159
1282895983,1160
1282895984,1161
1282895986,1162
1282895990,1163
1282895991,1164
1282895992,1165
1282895993,1166
1287972563,1167
1287972566,1168
1287972588,1169
1287972785,1170
1287972960,1171
1287992198,1172
1287992241,1173
1287992546,1174
1371263799,1175
1371263800,1176
1371263801,1177
1371263832,1178
1371263833,1179
1371263834,1180
1371263835,1181
1371263841,1182
1371263843,1183
1371263844,1184
1371263845,1185
1371263847,1186
1371263848,1187
1371263870,1188
1371263873,1189
1371263874,1190
1371263876,1191
1629280290,1192
1629280295,1193
1629280303,1194
1629280304,1195
1632773341,1196
1632794733,1197
1632794735,1198
1634842661,1199
1634844110,1200
1634844112,1201
1634844116,1202
1704654820,1203
1704654838,1204
1704654916,1205
1719057958,1206
1719057975,1207
1719057986,1208
1719066052,1209
1719076658,1210
1719100455,1211
1719100461,1212
1719100473,1213
1719100478,1214
1719100488,1215
1719100527,1216
1719100529,1217
1719100531,1218
1719100533,1219
1719100534,1220
1719100567,1221
1719100569,1222
1719100571,1223
1719100573,1224
1719100584,1225
1943923741,1226
1943923748,1227
1943923806,1228
1943923865,1229
1943923876,1230
1943923910,1231
1943924186,1232
1943924233,1233
1943924419,1234
1943924445,1235
1943924564,1236
1943924609,1237
1943924613,1238
1943924622,1239
1943924632,1240
1943924638,1241
1943924676,1242
1943924719,1243
1943924723,1244
1943924727,1245
1943924757,1246
1943924758,1247
1943924771,1248
1943924798,1249
1943924877,1250
1943924900,1251
1943924960,1252
1943924962,1253
1943924964,1254
1943924966,1255
1943924975,1256
1943924979,1257
1943924992,1258
1943925043,1259
1943925045,1260
1943925091,1261
1943925095,1262
1943925113,1263
1943925142,1264
1943925146,1265
1943925156,1266
1943925179,1267
1943925184,1268
1943925203,1269
1943925205,1270
2162487689,1271
2162487691,1272
2162487694,1273
2162487701,1274
2162487702,1275
2162487709,1276
2162487712,1277
2162487719,1278
2168403085,1279
2168403088,1280
2168403091,1281
2168403092,1282
2168403093,1283
2168403094,1284
2168403095,1285
2168403097,1286
2168403098,1287
2168403099,1288
2168403100,1289
2168403101,1290
2168403102,1291
2168403103,1292
2168403104,1293
2168403105,1294
2168403108,1295
2168403109,1296
2168469638,1297
2168469657,1298
2168469663,1299
2168469672,1300
2168469689,1301
2168469707,1302
2168469708,1303
2168469709,1304
2168469713,1305
2168469714,1306
2168469716,1307
2168469717,1308
2168469719,1309
2168469725,1310
2168469728,1311
2168469729,1312
2168469730,1313
2168469731,1314
2168469732,1315
2168469738,1316
2168469741,1317
2168469742,1318
2168469743,1319
2168469745,1320
2168469748,1321
2168469750,1322
2168469753,1323
2168469755,1324
2168469756,1325
2168469758,1326
2168469762,1327
2168469765,1328
2168469767,1329
2168469769,1330
2168469771,1331
2168469772,1332
2168469773,1333
2168469780,1334
2168469783,1335
2168469785,1336
2168469795,1337
2168469796,1338
2168469799,1339
2168469814,1340
2168469817,1341
2168469831,1342
2168469837,1343
2168469838,1344
2168469839,1345
2168469840,1346
2168469841,1347
2191032207,1348
2191032210,1349
2191032222,1350
2191032227,1351
2191032230,1352
2191032231,1353
2191032236,1354
2191032238,1355
2191032247,1356
2191032249,1357
2191032251,1358
2191032259,1359
2191032267,1360
2191032274,1361
2191032276,1362
2191032290,1363
2191032301,1364
2191032302,1365
2191032304,1366
2191032307,1367
2191032311,1368
2191032315,1369
2191032317,1370
2191032322,1371
2191032333,1372
2191032341,1373
2191032354,1374
2191032355,1375
2191032359,1376
2191032366,1377
2191032368,1378
2191032375,1379
2191032377,1380
2191032393,1381
2191032395,1382
2191032410,1383
2191032411,1384
2191032421,1385
2191032435,1386
2191032436,1387
2191032438,1388
2191032440,1389
2191032441,1390
2191032443,1391
2191032445,1392
2191032454,1393
2191032455,1394
2191032465,1395
2191032468,1396
2191032470,1397
2191032475,1398
2191032479,1399
2191032480,1400
2191032485,1401
2191032489,1402
2191032493,1403
2191032508,1404
2191032512,1405
2191032513,1406
2191032515,1407
2191032522,1408
2191032541,1409
2191032549,1410
2191032551,1411
2191032562,1412
2191032571,1413
2191032579,1414
2191032580,1415
2191032583,1416
2191032585,1417
2191032590,1418
2191032601,1419
2191032602,1420
2191032603,1421
2191032605,1422
2191032622,1423
2191032627,1424
2191032629,1425
2191032635,1426
2191032668,1427
2191032674,1428
2191032679,1429
2191032693,1430
2191032707,1431
2191032708,1432
2191032716,1433
2191032727,1434
2191032740,1435
2191032743,1436
2191032755,1437
2191032757,1438
2191032758,1439
2191032760,1440
2191032771,1441
2191032780,1442
2191032787,1443
2191032792,1444
2191032794,1445
2191032795,1446
2191032796,1447
2191032801,1448
2191032807,1449
2191032812,1450
2191032822,1451
2191032827,1452
2191032831,1453
2191032854,1454
2191032856,1455
2191032860,1456
2191032866,1457
2191032871,1458
2191032889,1459
2191032893,1460
2191032894,1461
2191032896,1462
2191032897,1463
2191032901,1464
2191032905,1465
2191032906,1466
2191032907,1467
2191032910,1468
2191032916,1469
2191032926,1470
2191032942,1471
2191032953,1472
2191032971,1473
2191083249,1474
2191083280,1475
2191083317,1476
2191083322,1477
2191083324,1478
2191083325,1479
2191083348,1480
2191083355,1481
2191083374,1482
2191083386,1483
2191083395,1484
2191083399,1485
2191083411,1486
2191083432,1487
2191083488,1488
2191083499,1489
2191083504,1490
2191083505,1491
2191083531,1492
2191083567,1493
2306079959,1494
2306079968,1495
2306120256,1496
2306120259,1497
2306120264,1498
2306120266,1499
2306149731,1500
2306162116,1501
2306162136,1502
2306166475,1503
2308210998,1504
2308211011,1505
2308211043,1506
2308211044,1507
2308211092,1508
2468521642,1509
2468521674,1510
2468521927,1511
2468972393,1512
2468972433,1513
2468972445,1514
2468972454,1515
2468972456,1516
2468972460,1517
2468972468,1518
2468972470,1519
2468976091,1520
2468976096,1521
2468976099,1522
2468976101,1523
2468982735,1524
2468982736,1525
2468982737,1526
2468982740,1527
2468982741,1528
2468982743,1529
2468982744,1530
2468982750,1531
2468982751,1532
2468982753,1533
2468982754,1534
2468982755,1535
2468982758,1536
2468982760,1537
2468984806,1538
2468984809,1539
2469060839,1540
2469068978,1541
2469069003,1542
2469069011,1543
2469069024,1544
2469069050,1545
2469069098,1546
2469069111,1547
2469069123,1548
2469069129,1549
2469069141,1550
2469069144,1551
2469083072,1552
2469083075,1553
2469083089,1554
2469083090,1555
2469083099,1556
2469083108,1557
2469083121,1558
2469083126,1559
2469083129,1560
2469083138,1561
2469083141,1562
2469083162,1563
2469083166,1564
2469095906,1565
2469095948,1566
2469095956,1567
2469095975,1568
2469096033,1569
2469943501,1570
2469943508,1571
2469943510,1572
2469943513,1573
2469943520,1574
2469943529,1575
2469943537,1576
2469943540,1577
2469943541,1578
2469943543,1579
2469943546,1580
2469943549,1581
2469943558,1582
2469943756,1583
2469951307,1584
2469951309,1585
2470793078,1586
2470793081,1587
2470793085,1588
2470793086,1589
2470793087,1590
2470793093,1591
2470793099,1592
2470793100,1593
2470793110,1594
2470793120,1595
2470793123,1596
2470793127,1597
2470793139,1598
2470793144,1599
2471025507,1600
2471025508,1601
2471025510,1602
2471025511,1603
2471025512,1604
2471025514,1605
2471025516,1606
2471025521,1607
2471025525,1608
2471025527,1609
2471025528,1610
2471025530,1611
2471025533,1612
2471042403,1613
2471042404,1614
2471042407,1615
2471042417,1616
2471042419,1617
2471042423,1618
2471042426,1619
2471042429,1620
2471042431,1621
2471042432,1622
2471042436,1623
2471042442,1624
2471042444,1625
2471042449,1626
2471042452,1627
2471042458,1628
2471042459,1629
2471042468,1630
2471042476,1631
2471042477,1632
2471042480,1633
2471042481,1634
2471042482,1635
2471042484,1636
2471042485,1637
2471042487,1638
2471042489,1639
2471042491,1640
2471042499,1641
2471042501,1642
2471042505,1643
2471042510,1644
2471042515,1645
2471042516,1646
2471042518,1647
2471042519,1648
2471042522,1649
2471042526,1650
2471042528,1651
2471042532,1652
2471042537,1653
2471042542,1654
2471042550,1655
2471043711,1656
2471043712,1657
2471043716,1658
2471043717,1659
2471072940,1660
2471072944,1661
2471072950,1662
2471075940,1663
2471075953,1664
2471113892,1665
2473432147,1666
2473432303,1667
2473432463,1668
2473434467,1669
2473434469,1670
2473434485,1671
2473434488,1672
2473434489,1673
2473434490,1674
2473485237,1675
2473485241,1676
2473485243,1677
2473537402,1678
2473537487,1679
2473539347,1680
2473546486,1681
2473546499,1682
2473546508,1683
2473546512,1684
2473546525,1685
2473546531,1686
2473546535,1687
2473546541,1688
2473546547,1689
2473549061,1690
2473549065,1691
2473549075,1692
2473549087,1693
2473549099,1694
2473607917,1695
2473607922,1696
2473607925,1697
2473607931,1698
2473618864,1699
2476377663,1700
2476377668,1701
2476377684,1702
2476377687,1703
2476377688,1704
2476377693,1705
2476377699,1706
2476377703,1707
2476377704,1708
2476377708,1709
2476377711,1710
2476377714,1711
2476377718,1712
2476377719,1713
2476377722,1714
2476377723,1715
2476377724,1716
2476377726,1717
2476377728,1718
2476377735,1719
2476377736,1720
2476377737,1721
2476377739,1722
2476377740,1723
2476377741,1724
2476377747,1725
2476377748,1726
2476377756,1727
2476377759,1728
2476377769,1729
2476377770,1730
2476377776,1731
2476377777,1732
2476377780,1733
2476377781,1734
2476377790,1735
2476377791,1736
2476377792,1737
2476377794,1738
2476377802,1739
2476377803,1740
2476377804,1741
2476377805,1742
2476377815,1743
2476377816,1744
2476377817,1745
2476377818,1746
2476377822,1747
2476377829,1748
2476377830,1749
2476377831,1750
2476377833,1751
2476377834,1752
2476377835,1753
2476377845,1754
2476377846,1755
2476377858,1756
2476377859,1757
2476377862,1758
2476377864,1759
2476377865,1760
2476377867,1761
2476377868,1762
2476377870,1763
2476377874,1764
2476377877,1765
2476377878,1766
2476377879,1767
2476377880,1768
2476377884,1769
2476377889,1770
2476377893,1771
2476377895,1772
2476377919,1773
2476377934,1774
2476377941,1775
2476377965,1776
2476377970,1777
2476377971,1778
2476377973,1779
2476377975,1780
2476377976,1781
2476377979,1782
2476377987,1783
2476377993,1784
2476378002,1785
2476378004,1786
2476378067,1787
2476378072,1788
2476378075,1789
2476378080,1790
2476378197,1791
2476817470,1792
2476825200,1793
2476825212,1794
2476825213,1795
2476825233,1796
2476825236,1797
2476848400,1798
2476848450,1799
2477328520,1800
2477332816,1801
2477332817,1802
2477339355,1803
2477339358,1804
2477339362,1805
2477339366,1806
2477339368,1807
2477339371,1808
2477339374,1809
2477347620,1810
2477347631,1811
2477347635,1812
2477347643,1813
2477347647,1814
2477347652,1815
2477347669,1816
2477347678,1817
2477347689,1818
2477347693,1819
2477431536,1820
2477431538,1821
2503867803,1822
2503867845,1823
2503867852,1824
2503867869,1825
2503930339,1826
2503930345,1827
2503930378,1828
2504856976,1829
2504856991,1830
2504876356,1831
2504876360,1832
2504876377,1833
2504876537,1834
2504876539,1835
2504882039,1836
2504886137,1837
2504886145,1838
2504886164,1839
2504889846,1840
2504889849,1841
2504889850,1842
2504889854,1843
2504889856,1844
2504889858,1845
2504889859,1846
2504889863,1847
2504889865,1848
2504889871,1849
2504889873,1850
2504890750,1851
2504890757,1852
2504890760,1853
2504900697,1854
2504900701,1855
2504900702,1856
2504900704,1857
2504900708,1858
2510446073,1859
2510446081,1860
2510458167,1861
2510467756,1862
2510467773,1863
2510467783,1864
2511142612,1865
2511142619,1866
2511142624,1867
2511142626,1868
2511142627,1869
2511142633,1870
2511142635,1871
2511142638,1872
2511142644,1873
2511142648,1874
2511142653,1875
2511142655,1876
2511142656,1877
2511142658,1878
2511142661,1879
2511151334,1880
2511151335,1881
2511151339,1882
2511151340,1883
2511151343,1884
2511151346,1885
2511151347,1886
2511151352,1887
2511151353,1888
2511151356,1889
2511151357,1890
2511151359,1891
2511151362,1892
2511151366,1893
2511151368,1894
2511151372,1895
2511151373,1896
2511151377,1897
2511157959,1898
2511157970,1899
2511160239,1900
2511162017,1901
2511162021,1902
2511162032,1903
2511162037,1904
2511162039,1905
2511162051,1906
2511162053,1907
2511162057,1908
2511164601,1909
2511164613,1910
2511164616,1911
2511164625,1912
2511164631,1913
2511164660,1914
2511164671,1915
2511164672,1916
2511164674,1917
2511165670,1918
2511165674,1919
2511551315,1920
2513900308,1921
2513900310,1922
2513900314,1923
2513900320,1924
2513900324,1925
2513900333,1926
2513900341,1927
2513900342,1928
2513900345,1929
2513900346,1930
2513900348,1931
2537834493,1932
2537839878,1933
2537839884,1934
2537839895,1935
2537843196,1936
2537853867,1937
2537853879,1938
2537853898,1939
2538000588,1940
2538057002,1941
2538057014,1942
2538057018,1943
2538057021,1944
2538057035,1945
2538059758,1946
2538059767,1947
2538059769,1948
2549776493,1949
2549776514,1950
2549776580,1951
2549776585,1952
2549776613,1953
2549776642,1954
2549776655,1955
2549776664,1956
2549776679,1957
2549776695,1958
2549776722,1959
2549785992,1960
2549786002,1961
2549786072,1962
2549786124,1963
2549786152,1964
2549786166,1965
2560359159,1966
2575825333,1967
2575825334,1968
2575825346,1969
2575825366,1970
2575825375,1971
2575836568,1972
2575836674,1973
2593864620,1974
2593864629,1975
2645379538,1976
2645379589,1977
2676836341,1978
2676836342,1979
2676836353,1980
2676836354,1981
2676836365,1982
2676836366,1983
2676836370,1984
2676836373,1985
2676836375,1986
2676836376,1987
2676836377,1988
2676836379,1989
2676836380,1990
2676836381,1991
2676836382,1992
2676836384,1993
2676836385,1994
2676836386,1995
2676836387,1996
2676836388,1997
2676836389,1998
2676836390,1999
2676836391,2000
2676836392,2001
2676836393,2002
2676836394,2003
2676836396,2004
2676836397,2005
2676836398,2006
2676836399,2007
2676836400,2008
2676836401,2009
2676836402,2010
2676836403,2011
2676836404,2012
2676836405,2013
2676836406,2014
2676836407,2015
2676836409,2016
2676836411,2017
2676836413,2018
2676836414,2019
2676836415,2020
2676836416,2021
2676836417,2022
2676836418,2023
2676836419,2024
2676836420,2025
2676836421,2026
2676836423,2027
2676836424,2028
2676836425,2029
2676836426,2030
2676836427,2031
2676836428,2032
2676836429,2033
2676836430,2034
2676836431,2035
2676836432,2036
2676836433,2037
2676836434,2038
2676836436,2039
2676836437,2040
2676836438,2041
2676836439,2042
2676836440,2043
2676836441,2044
2676836442,2045
2676836443,2046
2676836444,2047
2676836445,2048
2676836446,2049
2676836447,2050
2676836448,2051
2676836450,2052
2676836451,2053
2676836452,2054
2676836453,2055
2676836454,2056
2676836455,2057
2676836456,2058
2676836459,2059
2676836460,2060
2676836461,2061
2676836463,2062
2676836465,2063
2676836466,2064
2676836467,2065
2676836470,2066
2676836476,2067
2676836479,2068
2676836484,2069
2676836485,2070
2676836488,2071
2676836494,2072
2676836496,2073
2676836497,2074
2676836498,2075
2676836499,2076
2676836500,2077
2676836501,2078
2676836503,2079
2676836504,2080
2676836505,2081
2676836506,2082
2676836507,2083
2676836538,2084
2676836539,2085
2689865496,2086
2691058638,2087
2691058639,2088
2691058641,2089
2691058642,2090
2691058643,2091
2691058645,2092
2691058646,2093
2691058648,2094
2691058649,2095
2691058650,2096
2691058651,2097
2691070090,2098
2691070091,2099
2691070093,2100
2713902926,2101
2713902928,2102
2713902930,2103
2713902931,2104
2713902971,2105
2713902976,2106
2713902978,2107
2713933540,2108
2713933547,2109
2713933558,2110
2713933563,2111
2839595394,2112
2839601001,2113
2839601008,2114
2839601020,2115
2839601030,2116
2839601033,2117
2839601034,2118
2839601039,2119
2839601045,2120
2839601047,2121
2839601055,2122
2839601061,2123
2839601062,2124
2839601067,2125
2839601074,2126
2839601088,2127
2839601089,2128
2839601091,2129
2839601098,2130
2839601103,2131
2839601105,2132
2839601108,2133
2839601117,2134
2839601127,2135
2839601132,2136
2839601141,2137
2839601162,2138
2839601168,2139
2839601172,2140
2839601175,2141
2839601190,2142
2839601191,2143
2839601196,2144
2839601199,2145
2839601206,2146
2839601213,2147
2839601219,2148
2839601220,2149
2839601221,2150
2839601228,2151
2839601231,2152
2839601237,2153
2839601238,2154
2839601241,2155
2839601248,2156
2839601249,2157
2839601262,2158
2839601271,2159
2839601273,2160
2839601281,2161
2839601292,2162
2839601293,2163
2839601306,2164
2839601310,2165
2839601312,2166
2839601316,2167
2839601320,2168
2839601326,2169
2839601330,2170
2839601338,2171
2839601340,2172
2839601344,2173
2839601346,2174
2839601347,2175
2839601357,2176
2839601369,2177
2839601391,2178
2839601395,2179
2839601397,2180
2982505173,2181
2982507575,2182
2982507576,2183
3042566854,2184
3042566855,2185
3045969240,2186
3046296578,2187
3046296611,2188
3046296612,2189
3046327616,2190
3046327618,2191
3046333300,2192
3046338304,2193
3046338306,2194
3046359147,2195
3046359148,2196
3046359149,2197
3046359150,2198
3046359151,2199
3046359152,2200
3046359153,2201
3046400394,2202
3046408682,2203
3046410160,2204
3046410161,2205
3046410162,2206
3046649831,2207
3046649832,2208
3046658943,2209
3046658944,2210
3046659049,2211
3046660171,2212
3046660172,2213
3046660173,2214
3046660174,2215
3046660176,2216
3046660177,2217
3046660178,2218
3046660181,2219
3046664598,2220
3046664602,2221
3046667745,2222
3046667746,2223
3046667747,2224
3046667748,2225
3046667814,2226
3046667816,2227
3046668298,2228
3046668299,2229
3046668301,2230
3046668317,2231
3046668319,2232
3046668802,2233
3046670108,2234
3046670110,2235
3046671133,2236
3046671267,2237
3046671268,2238
3046671269,2239
3046671270,2240
3046671285,2241
3046671286,2242
3047155546,2243
3047155550,2244
3047155552,2245
3047171637,2246
3047172393,2247
3047172394,2248
3047172672,2249
3047182128,2250
3047182131,2251
3047182132,2252
3047192326,2253
3047192327,2254
3047192587,2255
3047192588,2256
3047192589,2257
3047192590,2258
3047195935,2259
3047195936,2260
3047251975,2261
3047251977,2262
3047258148,2263
3047258150,2264
3047258152,2265
3047258154,2266
3047283656,2267
3047343157,2268
3047343158,2269
3047444633,2270
3047741519,2271
3047741520,2272
3047741521,2273
3047742500,2274
3047742501,2275
3047742502,2276
3047742503,2277
3047744269,2278
3047744270,2279
3047744271,2280
3047744272,2281
3047778551,2282
3047778552,2283
3047778553,2284
3047778554,2285
3047778555,2286
3047778556,2287
3047778557,2288
3047782133,2289
3047782134,2290
3047782135,2291
3047785924,2292
3047785925,2293
3047787434,2294
3047787435,2295
3048222452,2296
3048222453,2297
3048222454,2298
3048222899,2299
3048222900,2300
3048222901,2301
3048322028,2302
3048322338,2303
3048325053,2304
3048325054,2305
3048325055,2306
3048325056,2307
3048325057,2308
3048325058,2309
3048325059,2310
3048325060,2311
3048325061,2312
3048325062,2313
3048325063,2314
3048325064,2315
3048326223,2316
3048326224,2317
3048326225,2318
3048326226,2319
3048326235,2320
3048326236,2321
3048326237,2322
3048326238,2323
3048326239,2324
3048331375,2325
3048331376,2326
3048331503,2327
3048331504,2328
3048997266,2329
3049392829,2330
3050102110,2331
3050102111,2332
3050102112,2333
3050102114,2334
3050102115,2335
3050102116,2336
3050102117,2337
3050102118,2338
3050103770,2339
3050105866,2340
3050105867,2341
3050110522,2342
3050110523,2343
3050115704,2344
3050115705,2345
3050115706,2346
3050115708,2347
3050116609,2348
3050119719,2349
3050119720,2350
3050119722,2351
3050119725,2352
3050119726,2353
3050121104,2354
3050121105,2355
3050121106,2356
3050121107,2357
3050121109,2358
3050127694,2359
3050127695,2360
3050127696,2361
3050127698,2362
3050148060,2363
3050148061,2364
3050148062,2365
3050148063,2366
3050148064,2367
3050148065,2368
3050148066,2369
3050148067,2370
3050148069,2371
3050148070,2372
3050148071,2373
3050148072,2374
3050148073,2375
3050151291,2376
3050151292,2377
3050151293,2378
3050151295,2379
3050151296,2380
3050151298,2381
3050151299,2382
3050151300,2383
3050153432,2384
3050153433,2385
3050153434,2386
3050154642,2387
3050154644,2388
3050154645,2389
3050154646,2390
3050154647,2391
3050158688,2392
3050158689,2393
3050158690,2394
3050159797,2395
3050168633,2396
3050168634,2397
3050168635,2398
3050168636,2399
3050168637,2400
3050168638,2401
3050168639,2402
3050168640,2403
3050168641,2404
3050168643,2405
3050168644,2406
3053544524,2407
3053544525,2408
3053547406,2409
3053547407,2410
3053555210,2411
3053557552,2412
3053558012,2413
3053558013,2414
3053559112,2415
3053559113,2416
3053559114,2417
3053559115,2418
3053560761,2419
3053715605,2420
3053715607,2421
3053753680,2422
3053753681,2423
3053756182,2424
3053756183,2425
3053756184,2426
3053760292,2427
3053760293,2428
3053819092,2429
3053819093,2430
3054644035,2431
3054644039,2432
3058314704,2433
3107941941,2434
3107941942,2435
3107941943,2436
3107941944,2437
3107941945,2438
3107941946,2439
3107941947,2440
3107941949,2441
3107941951,2442
3107941953,2443
3107941954,2444
3107941955,2445
3107941957,2446
3107941958,2447
3107941959,2448
3107953532,2449
3107953533,2450
3107953535,2451
3107953536,2452
3107953537,2453
3107953539,2454
3107953540,2455
3107953541,2456
3107953542,2457
3107953544,2458
3107953545,2459
3107953546,2460
3107953547,2461
3107953548,2462
3107953549,2463
3107953552,2464
3107953553,2465
3107953557,2466
3107953558,2467
3107953559,2468
3107953560,2469
3107953561,2470
3107953562,2471
3107953563,2472
3107953564,2473
3107953565,2474
3107953567,2475
3107953568,2476
3107953569,2477
3107953572,2478
3107953573,2479
3107953574,2480
3107953575,2481
3107953577,2482
3107953578,2483
3107953579,2484
3107953582,2485
3107953583,2486
3107953584,2487
3107953585,2488
3107953587,2489
3107953589,2490
3107953591,2491
3107953593,2492
3107953594,2493
3107953595,2494
3107953597,2495
3107953598,2496
3107953599,2497
3107953600,2498
3107953602,2499
3107953603,2500
3107953604,2501
3107953605,2502
3152582615,2503
3214186013,2504
3214186014,2505
3226271565,2506
3226271570,2507
3226271584,2508
3226271586,2509
3226271587,2510
3226271592,2511
3226271594,2512
3226271605,2513
3226271606,2514
3226271618,2515
3226271637,2516
3226271640,2517
3226271652,2518
3226271654,2519
3226271671,2520
3226271680,2521
3226271687,2522
3226271709,2523
3226271711,2524
3226271717,2525
3226271720,2526
3226271721,2527
3226271734,2528
3226271737,2529
3226271745,2530
3226271749,2531
3226271750,2532
3226271753,2533
3226271755,2534
3226271767,2535
3230755147,2536
3230755149,2537
3230755150,2538
3231940950,2539
3231940951,2540
3231940952,2541
3231940953,2542
3231940954,2543
3232021721,2544
3232021722,2545
3232026293,2546
3232028506,2547
3232028507,2548
3232112961,2549
3232112968,2550
3232112981,2551
3232112982,2552
3232112983,2553
3232112984,2554
3232112985,2555
3232112986,2556
3232112987,2557
3232112988,2558
3232112989,2559
3232112990,2560
3232112991,2561
3232112992,2562
3232112993,2563
3232112994,2564
3232112995,2565
3232112996,2566
3232112997,2567
3232112999,2568
3232113000,2569
3232113001,2570
3232113002,2571
3232113003,2572
3232113004,2573
3232113005,2574
3232113007,2575
3241082478,2576
3241082479,2577
3241082480,2578
3241082481,2579
3241082482,2580
3241082483,2581
3241082484,2582
3241082485,2583
3241082486,2584
3241082491,2585
3241082492,2586
3241082494,2587
3241082499,2588
3241082501,2589
3241082502,2590
3241082503,2591
3241082508,2592
3241082511,2593
3241082512,2594
3241082514,2595
3241082515,2596
3241082516,2597
3241082517,2598
3241082518,2599
3241082519,2600
3241082525,2601
3241082526,2602
3241082528,2603
3241082529,2604
3241082531,2605
3241082533,2606
3241082535,2607
3241082536,2608
3241082537,2609
3241082538,2610
3241082539,2611
3256636334,2612
3256636335,2613
3256822962,2614
3256822964,2615
3256822965,2616
3256822966,2617
3256837495,2618
3256837496,2619
3256837497,2620
3256837499,2621
3256837501,2622
3256848631,2623
3256848633,2624
3257101319,2625
3257105052,2626
3257105053,2627
3257105269,2628
3257116114,2629
3257579067,2630
3261516308,2631
3261904340,2632
3261904341,2633
3262001408,2634
3262001409,2635
3287324742,2636
3287324743,2637
3287324744,2638
3287324747,2639
3287324748,2640
3287324757,2641
3287330561,2642
3287346782,2643
3287346783,2644
3287346784,2645
3287346785,2646
3287346786,2647
3287346787,2648
3287346788,2649
3287346792,2650
3287346793,2651
3287346795,2652
3287346798,2653
3305928419,2654
3305928422,2655
3305928423,2656
3305928424,2657
3305928425,2658
3305928426,2659
3305928427,2660
3305928428,2661
3305928429,2662
3305928430,2663
3305928431,2664
3305928432,2665
3305928433,2666
3305928435,2667
3305928436,2668
3305928437,2669
3305928438,2670
3305928439,2671
3305928442,2672
3305928443,2673
3305928444,2674
3305928445,2675
3305928447,2676
3305928448,2677
3305928449,2678
3305928450,2679
3305928451,2680
3305928452,2681
3305928453,2682
3305928454,2683
3305928455,2684
3305928456,2685
3305928457,2686
3305928458,2687
3305928459,2688
3335930689,2689
3335930690,2690
3335930692,2691
3335931094,2692
3335931095,2693
3335931096,2694
3335931097,2695
3335931098,2696
3335931100,2697
3335931101,2698
3401699986,2699
3447772766,2700
3447772767,2701
3447772768,2702
3447772769,2703
3447772770,2704
3447793153,2705
3447796795,2706
3447927216,2707
3447927217,2708
3447927218,2709
3450159245,2710
3450159247,2711
3450159250,2712
3450159253,2713
3450409416,2714
3450409417,2715
3450414747,2716
3450426648,2717
3450426649,2718
3450443761,2719
3450443792,2720
3451388422,2721
3451389299,2722
3451391118,2723
3451391119,2724
3451435491,2725
3451435492,2726
3451436193,2727
3451436194,2728
3451436195,2729
3451447893,2730
3451467065,2731
3451529962,2732
3451529970,2733
3451529972,2734
3451529974,2735
3451529975,2736
3451531628,2737
3451531632,2738
3451531640,2739
3451550882,2740
3451550883,2741
3451550886,2742
3451550888,2743
3451550889,2744
3451551495,2745
3451552581,2746
3451552582,2747
3451552583,2748
3451552584,2749
3451552585,2750
3451552586,2751
3451552589,2752
3451578153,2753
3451578154,2754
3451578159,2755
3451578161,2756
3453317051,2757
3453317052,2758
3453317053,2759
3453325710,2760
3453392771,2761
3453392772,2762
3453392773,2763
3453392775,2764
3453392776,2765
3453392780,2766
3453392781,2767
3453392782,2768
3453392783,2769
3453551117,2770
3453551125,2771
3453557924,2772
3453557925,2773
3453705831,2774
3453705833,2775
3453705838,2776
3453705842,2777
3453705843,2778
3453705844,2779
3455119962,2780
3456728317,2781
3456734355,2782
3456766471,2783
3456768491,2784
3456769495,2785
3456927944,2786
3457037858,2787
3457037859,2788
3457037867,2789
3457037870,2790
3457037872,2791
3457037875,2792
3457039979,2793
3457039980,2794
3457039982,2795
3457039983,2796
3457041836,2797
3457041838,2798
3457041843,2799
3457041845,2800
3457041846,2801
3457041847,2802
3457041848,2803
3457047411,2804
3457047412,2805
3457047413,2806
3457047414,2807
3457047416,2808
3457047418,2809
3472714258,2810
3472714262,2811
3472714264,2812
3472714265,2813
3472714266,2814
3472714267,2815
3472714268,2816
3472714271,2817
3472714273,2818
3472714274,2819
3472714284,2820
3472714285,2821
3472714288,2822
3472714289,2823
3472714290,2824
3472714291,2825
3472714292,2826
3472721993,2827
3472721994,2828
3472721998,2829
3472739185,2830
3472739186,2831
3472739188,2832
3472739189,2833
3472739191,2834
3472739192,2835
3472739893,2836
3472739894,2837
3472739895,2838
3472739896,2839
3472739897,2840
3472739898,2841
3472739899,2842
3472739900,2843
3472739901,2844
3472739902,2845
3472741432,2846
3472741438,2847
3472741440,2848
3472741441,2849
3472741442,2850
3472741443,2851
3472741444,2852
3472741445,2853
3472741822,2854
3472741823,2855
3472741824,2856
3472741827,2857
3474281634,2858
3474281635,2859
3474281636,2860
3474281637,2861
3474281638,2862
3474335205,2863
3474335206,2864
3474335207,2865
3474335208,2866
3474335209,2867
3474335210,2868
3474335211,2869
3474335212,2870
3474349793,2871
3474349794,2872
3474349795,2873
3474349796,2874
3474349797,2875
3474349798,2876
3474349799,2877
3474349800,2878
3474401433,2879
3474403829,2880
3474405938,2881
3474409848,2882
3474411544,2883
3474411555,2884
3474469561,2885
3474469564,2886
3474469565,2887
3474469566,2888
3474485187,2889
3474486893,2890
3474486898,2891
3474486899,2892
3474486904,2893
3474486905,2894
3474486911,2895
3474503619,2896
3474503620,2897
3480430919,2898
3480438012,2899
3480438015,2900
3480438016,2901
3480521605,2902
3480521606,2903
3480521608,2904
3480521609,2905
3480521610,2906
3480521611,2907
3480521612,2908
3480521613,2909
3480521614,2910
3480556629,2911
3480556636,2912
3480556638,2913
3480566610,2914
3480566615,2915
3480570197,2916
3480618984,2917
3480648626,2918
3480648627,2919
3480648628,2920
3480705236,2921
3480705237,2922
3480705239,2923
3480705240,2924
3480705241,2925
3480705242,2926
3480705243,2927
3480716869,2928
3480716871,2929
3480716872,2930
3480716873,2931
3480716876,2932
3480716878,2933
3480917496,2934
3483074728,2935
3483074732,2936
3483127916,2937
3483195901,2938
3483195915,2939
3483495921,2940
3483653865,2941
3483654481,2942
3483654482,2943
3483670167,2944
3483670171,2945
3485520887,2946
3485522046,2947
3485522062,2948
3485522063,2949
3485522071,2950
3485522078,2951
3485524447,2952
3485524458,2953
3485524469,2954
3485525525,2955
3485525536,2956
3485525551,2957
3485525553,2958
3485528204,2959
3496199411,2960
3496199412,2961
3496199413,2962
3496199414,2963
3496199415,2964
3496250085,2965
3496378708,2966
3496378710,2967
3496408605,2968
3496408607,2969
3496416575,2970
3496416576,2971
3496510781,2972
3496510782,2973
3496510785,2974
3496510786,2975
3496510788,2976
3496510789,2977
3496510790,2978
3496532619,2979
3500454800,2980
3500454801,2981
3500454854,2982
3500578399,2983
3500578402,2984
3500579584,2985
3502590685,2986
3502590686,2987
3502590690,2988
3502590898,2989
3502590899,2990
3502590900,2991
3502590903,2992
3502590905,2993
3502591529,2994
3502591530,2995
3502591533,2996
3502591539,2997
3502591540,2998
3502591543,2999
3502591544,3000
3520797772,3001
3520797773,3002
3520797774,3003
3520797775,3004
3520797776,3005
3520797777,3006
3520797779,3007
3520797780,3008
3520797782,3009
3520797783,3010
3520797900,3011
3520797924,3012
3520797930,3013
3520802734,3014
3520802735,3015
3520802736,3016
3520802737,3017
3520802738,3018
3520802739,3019
3520802740,3020
3520802744,3021
3520802749,3022
3520804184,3023
3520804187,3024
3520804189,3025
3520804493,3026
3555254359,3027
3555254360,3028
3555254361,3029
3555254366,3030
3555297270,3031
3555297280,3032
3555297281,3033
3555297285,3034
3555297296,3035
3555297298,3036
3555297309,3037
3555297315,3038
3555297325,3039
3562476512,3040
3562476513,3041
3562476514,3042
3562476515,3043
3562476516,3044
3562476517,3045
3562476519,3046
3562476520,3047
3562476521,3048
3562476522,3049
3562476523,3050
3562476524,3051
3562476525,3052
3562476526,3053
3562476527,3054
3562476528,3055
3562476529,3056
3562476530,3057
3562476531,3058
3562476532,3059
3562476533,3060
3562702195,3061
3562702196,3062
3562801819,3063
3562807805,3064
3562807806,3065
3562807807,3066
3562807811,3067
3562807814,3068
3562807817,3069
3562807818,3070
3562807819,3071
3562807823,3072
3562836903,3073
3562836907,3074
3562836911,3075
3562836915,3076
3562836916,3077
3562836919,3078
3562836920,3079
3562836926,3080
3562836930,3081
3562836935,3082
3562836940,3083
3562839149,3084
3562839150,3085
3562839152,3086
3565011186,3087
3565011187,3088
3565015132,3089
3565015145,3090
3565015153,3091
3565015168,3092
3565015170,3093
3565030299,3094
3565030302,3095
3565030304,3096
3565035632,3097
3578758113,3098
3578758131,3099
3578758132,3100
3578758133,3101
3578758137,3102
3578758140,3103
3578758155,3104
3578801935,3105
3578801948,3106
3578801956,3107
3578801988,3108
3578801992,3109
3578802004,3110
3578802029,3111
3578802053,3112
3578802072,3113
3578802073,3114
3626369872,3115
3654388677,3116
3654388680,3117
3654409288,3118
3654502825,3119
3662201590,3120
3662201591,3121
3715348733,3122
3729145916,3123
3740174915,3124
3740174918,3125
3740175229,3126
3740175231,3127
3740175235,3128
3740175241,3129
3740175242,3130
3740175246,3131
3740175250,3132
3740175253,3133
3740175259,3134
3740175261,3135
3740175264,3136
3740175272,3137
3740175279,3138
3740175284,3139
3740175289,3140
3740175296,3141
3740175301,3142
3740175310,3143
3740175315,3144
3740175317,3145
3740175325,3146
3740175335,3147
3740175336,3148
3740175337,3149
3740175341,3150
3740175342,3151
3740175343,3152
3740175344,3153
3740175351,3154
3740175352,3155
3740175353,3156
3740175354,3157
3740175356,3158
3740175357,3159
3740175358,3160
3740175359,3161
3881553171,3162
3881553180,3163
3881553181,3164
3881553190,3165
3881553194,3166
3881553221,3167
3881553237,3168
3881555301,3169
3881555303,3170
3881555326,3171
3881555328,3172
3881555334,3173
3881555336,3174
3881555368,3175
3881555370,3176
3881555372,3177
3881555375,3178
3881555377,3179
3881555390,3180
3881555392,3181
3881555394,3182
3881555395,3183
3881555403,3184
3881555406,3185
3881555419,3186
3881555437,3187
3881555439,3188
3881555440,3189
3881555441,3190
3881555449,3191
3881555453,3192
3881555455,3193
3881555457,3194
3881555460,3195
3881555464,3196
3881555480,3197
3881555484,3198
3881555485,3199
3881555489,3200
3881555496,3201
3881555509,3202
3881555515,3203
3881555516,3204
3881555521,3205
3881555596,3206
3881555613,3207
3881555615,3208
3881555616,3209
3881555627,3210
3881555628,3211
3881555632,3212
3881555636,3213
3881555640,3214
3881555646,3215
3881555652,3216
3881555653,3217
3881555672,3218
3881555675,3219
3881555677,3220
3881555686,3221
3881555697,3222
3881555698,3223
3881555709,3224
3966716359,3225
3966716382,3226
3966716389,3227
3966716396,3228
3966716400,3229
3966716405,3230
3966716406,3231
3966716410,3232
3966716417,3233
3966716423,3234
3966716425,3235
3966716428,3236
3966716435,3237
3966716436,3238
3966716439,3239
3966716442,3240
3966716443,3241
3966716447,3242
3966722917,3243
3966722920,3244
3966722922,3245
3966730411,3246
3966736371,3247
3966736372,3248
3966736375,3249
3966736376,3250
3966736379,3251
3966736380,3252
3966742696,3253
3966742700,3254
3966742704,3255
3966742705,3256
3966742716,3257
3966746832,3258
3966746833,3259
3966746834,3260
3966746840,3261
3966746841,3262
3966746849,3263
3966746850,3264
3966755829,3265
3966846380,3266
3966898652,3267
3966898656,3268
3966900766,3269
3966900768,3270
3966902358,3271
3966902359,3272
3966902360,3273
3966902371,3274
3966902376,3275
3967025551,3276
3967025552,3277
3967026763,3278
3967044161,3279
3967044162,3280
3967044170,3281
3967044174,3282
3967044178,3283
3967044179,3284
3967044180,3285
3967070877,3286
3967070880,3287
3967070882,3288
3967070894,3289
3967070899,3290
3967070907,3291
3967070915,3292
3967080451,3293
3967080452,3294
3967080453,3295
3967080454,3296
3967080456,3297
3967083157,3298
3967083158,3299
3967083160,3300
3967087977,3301
3967087979,3302
3967087980,3303
3967087981,3304
3967087983,3305
3967087984,3306
3967087985,3307
3967087986,3308
3967087987,3309
3967087989,3310
3967087991,3311
3967087992,3312
3967147659,3313
3967147660,3314
3967147661,3315
3967147666,3316
3967147671,3317
3967147672,3318
3967220920,3319
3967220928,3320
3967250721,3321
3967252757,3322
3967252773,3323
3967252774,3324
3967252775,3325
3967259384,3326
3967259387,3327
3967259388,3328
3968825599,3329
3968868545,3330
3968868555,3331
3968873169,3332
3968873176,3333
3968873177,3334
3968910023,3335
3968910028,3336
3968910030,3337
3968910033,3338
3968910037,3339
3968910048,3340
3968910049,3341
3969014165,3342
3969014166,3343
3969014171,3344
3969014172,3345
3969014175,3346
3969014176,3347
3969014192,3348
3969014194,3349
3969014201,3350
3969014213,3351
3969048486,3352
3969048487,3353
3969048494,3354
3969048521,3355
3969071634,3356
3969071636,3357
3969071639,3358
3969074062,3359
3969074063,3360
3969074079,3361
3969074089,3362
3969074108,3363
3969074137,3364
3969078416,3365
3969144212,3366
3969144220,3367
3969144252,3368
3969145566,3369
3969145577,3370
3969145592,3371
3969145610,3372
3969145619,3373
3969145620,3374
3969145624,3375
3969145627,3376
3969146330,3377
3969146338,3378
3969278687,3379
3969278688,3380
3969278689,3381
3969278690,3382
3969278702,3383
3969278716,3384
3969278721,3385
3969278744,3386
3969297678,3387
3969297681,3388
3969386664,3389
3969510972,3390
3969530013,3391
3969530015,3392
3969530017,3393
3971444848,3394
3974449175,3395
3987519385,3396
4064251231,3397
4135719193,3398
4135874500,3399
4149659901,3400
4162009211,3401
4163884266,3402
4168490224,3403
4168490225,3404
4168498451,3405
4168498452,3406
4168498453,3407
4168498471,3408
4168513233,3409
4168513234,3410
4168513235,3411
4168513236,3412
4168513237,3413
4168513238,3414
4168513239,3415
4168513240,3416
4168513242,3417
4168513243,3418
4168513244,3419
4288212613,3420
4288212614,3421
4361619908,3422
4361619909,3423
4361619913,3424
4361619915,3425
4361619918,3426
4361619920,3427
4361619921,3428
4361619922,3429
4361619926,3430
4361619927,3431
4361619930,3432
4361619932,3433
4361619942,3434
4361619949,3435
4361619971,3436
4361619972,3437
4361619974,3438
4361619977,3439
4361619983,3440
4361619984,3441
4361620889,3442
4361620890,3443
4361620891,3444
4361620896,3445
4361620901,3446
4361620903,3447
4361620907,3448
4361620915,3449
4361620916,3450
4361620922,3451
4361620923,3452
4361620929,3453
4361620930,3454
4361620935,3455
4361620939,3456
4361620949,3457
4361620953,3458
4361620965,3459
4361620968,3460
4361620971,3461
4361620972,3462
4361620976,3463
4361620978,3464
4361620981,3465
4361620985,3466
4361620988,3467
4361620998,3468
4361621001,3469
4361621003,3470
4361621007,3471
4361621008,3472
4361621012,3473
4361621014,3474
4361621016,3475
4361621019,3476
4361621027,3477
4361621031,3478
4361621038,3479
4361621039,3480
4361621040,3481
4361621041,3482
4361621042,3483
4361621043,3484
4361621045,3485
4361621046,3486
4607653326,3487
4607653327,3488
4607653328,3489
4607653329,3490
4608962422,3491
4608962423,3492
4608962424,3493
4608964003,3494
4608964004,3495
4608964005,3496
4608964007,3497
4608966193,3498
4608966194,3499
4608966196,3500
4608966197,3501
4613933798,3502
4613933799,3503
4687033843,3504
4687033846,3505
4687033847,3506
4687033850,3507
4689045577,3508
4689045579,3509
4689045582,3510
4689050392,3511
4689050393,3512
4689050394,3513
4689050395,3514
4689050396,3515
4689050397,3516
4689050398,3517
4689050399,3518
4929522426,3519
4929522427,3520
4929522435,3521
4964148406,3522
4964148412,3523
4964148413,3524
4964148414,3525
4964148415,3526
4964161021,3527
4964161030,3528
4964161031,3529
4964161442,3530
4964161446,3531
4964161456,3532
4964161457,3533
4964161458,3534
4964161459,3535
4964161460,3536
4964161461,3537
4964161462,3538
4964161463,3539
4964161464,3540
4964161465,3541
4964161466,3542
4964161467,3543
4964161469,3544
4964161470,3545
4964161471,3546
4964161473,3547
4964161474,3548
4964161475,3549
4964161477,3550
4964161478,3551
4964161479,3552
4964161481,3553
4964161482,3554
4964161483,3555
4964161484,3556
4964161485,3557
4964161487,3558
4964161488,3559
4964161489,3560
4964161490,3561
4964161491,3562
4964161492,3563
4964161493,3564
4964161494,3565
4964161495,3566
4964161496,3567
4964161497,3568
4964161498,3569
4964161499,3570
4964161501,3571
4964161502,3572
4964161503,3573
4964161506,3574
4964161507,3575
4964161508,3576
4964161509,3577
4964161511,3578
4964161513,3579
4964161514,3580
4964161515,3581
4964161516,3582
4964161517,3583
4964161520,3584
4964161521,3585
4964161522,3586
4964161523,3587
4964161525,3588
4964161526,3589
4964161527,3590
4964161528,3591
4964161529,3592
4964161530,3593
4964161531,3594
4964161532,3595
4964161533,3596
4964161534,3597
4964161535,3598
4964161536,3599
4964161537,3600
4964161538,3601
4964161539,3602
4964161540,3603
4964161541,3604
4964161542,3605
4964161543,3606
4964161544,3607
4964161545,3608
4964161546,3609
4964161549,3610
4964161550,3611
4964161553,3612
4964161554,3613
4964161555,3614
4964161556,3615
4964161557,3616
4964161559,3617
4964161560,3618
4964161561,3619
4964161565,3620
4964161566,3621
4964161567,3622
4964161568,3623
4964161570,3624
4964161571,3625
4964161572,3626
4964161573,3627
4964161574,3628
4964161575,3629
4964161576,3630
4964161577,3631
4964161578,3632
4964161579,3633
4964161580,3634
4964161581,3635
4964161582,3636
4964161583,3637
4964161585,3638
4964161586,3639
4964161587,3640
4964161588,3641
4964161589,3642
4964161590,3643
4964161591,3644
4964161593,3645
4964161594,3646
4964161595,3647
4964161596,3648
4964161597,3649
4964161599,3650
4964161600,3651
4964161601,3652
4964161605,3653
4964161606,3654
4964161607,3655
4964161608,3656
4964161609,3657
4964161611,3658
4964161612,3659
4964161613,3660
4964161614,3661
4964161615,3662
4964161616,3663
4964161617,3664
4964161622,3665
5000414155,3666
5001464665,3667
5001464669,3668
5001464670,3669
5001464673,3670
5028748900,3671
5028748901,3672
5028748903,3673
5028748906,3674
5028748908,3675
5028748909,3676
5028748910,3677
5028748918,3678
5028750325,3679
5028750326,3680
5028750328,3681
5028750329,3682
5028750330,3683
5028750334,3684
5028750335,3685
5028750337,3686
5028750338,3687
5028750340,3688
5028750343,3689
5028750345,3690
5028750349,3691
5028750352,3692
5028750353,3693
5028750354,3694
5028750355,3695
5028750356,3696
5028750357,3697
5028750358,3698
5028750361,3699
5028750365,3700
5030353912,3701
5030353914,3702
5030369419,3703
5030369420,3704
5030373101,3705
5030373102,3706
5030373104,3707
5030373105,3708
5030373106,3709
5030373107,3710
5030383933,3711
5030383936,3712
5030596322,3713
5030596324,3714
5030596329,3715
5030596330,3716
5030596352,3717
5030596358,3718
5030596359,3719
5030596377,3720
5030596378,3721
5030596391,3722
5030596531,3723
5030596533,3724
5030596662,3725
5238335711,3726
5263098252,3727
5263098277,3728
5263115668,3729
5269927667,3730
5269927689,3731
5269927708,3732
5269927714,3733
5269927720,3734
5269928322,3735
5269928324,3736
5269928325,3737
5269955426,3738
5269955429,3739
5269995012,3740
5269995017,3741
5269995331,3742
5269995345,3743
5269995346,3744
5269995351,3745
5269995352,3746
5269995516,3747
5269995518,3748
5269995534,3749
5269995535,3750
5269995537,3751
5269995793,3752
5269995808,3753
5269995809,3754
5269995822,3755
5269995824,3756
5270420115,3757
5270420381,3758
5270420387,3759
5270420395,3760
5270670364,3761
5270670365,3762
5270670368,3763
5270670383,3764
5270670385,3765
5270670388,3766
5270670390,3767
5270670398,3768
5270670401,3769
5270670402,3770
5270670412,3771
5270670413,3772
5270670416,3773
5286523606,3774
5311349116,3775
5311349117,3776
5311349224,3777
5311349225,3778
5311349228,3779
5311349229,3780
5311349230,3781
5311366417,3782
5311366723,3783
5311366724,3784
5311366730,3785
5311366731,3786
5311366737,3787
5311366738,3788
5311366744,3789
5311403322,3790
5311403327,3791
5311403328,3792
5311403338,3793
5311403339,3794
5311403344,3795
5311405532,3796
5311405533,3797
5312968177,3798
5312968183,3799
5312968188,3800
5312968189,3801
5312971946,3802
5312971964,3803
5312971967,3804
5312971985,3805
5312971986,3806
5312971988,3807
5362617471,3808
5372384205,3809
5372384206,3810
5374253268,3811
5374253269,3812
5374253270,3813
5374253272,3814
5422041881,3815
5422041882,3816
5422041883,3817
5422041888,3818
5422041889,3819
5422041892,3820
5422041895,3821
5422041896,3822
5422104281,3823
5422104282,3824
5422104283,3825
5422104284,3826
5422320762,3827
5422320769,3828
5422320770,3829
5422320772,3830
5422320773,3831
5422320777,3832
5422320778,3833
5422320783,3834
5422373144,3835
5422373145,3836
5422391893,3837
5422391898,3838
5422391899,3839
5422391902,3840
5422391903,3841
5422391907,3842
5422395073,3843
5422395074,3844
5422395076,3845
5422395078,3846
5422395080,3847
5422395082,3848
5422577529,3849
5422633966,3850
5422633973,3851
5422633974,3852
5422633981,3853
5469028878,3854
5469028880,3855
5469028881,3856
5469028882,3857
5469028883,3858
5469028886,3859
5469028887,3860
5469028891,3861
5469028892,3862
5469028893,3863
5469028894,3864
5469028895,3865
5469028896,3866
5471144706,3867
5471144710,3868
5471144711,3869
5471144720,3870
5471154530,3871
5471154531,3872
5471154533,3873
5471154534,3874
5471154544,3875
5471154546,3876
5471154547,3877
5471154548,3878
5471154549,3879
5471154551,3880
5471154573,3881
5471154574,3882
5471154578,3883
5471154579,3884
5471154584,3885
5471154585,3886
5471154589,3887
5471154590,3888
5471154594,3889
5471154607,3890
5471154610,3891
5471154611,3892
5471154615,3893
5471154617,3894
5471154618,3895
5471154619,3896
5471154620,3897
5471154721,3898
5471154723,3899
5471154726,3900
5471154730,3901
5471154731,3902
5498026982,3903
5498026986,3904
5498049142,3905
5498049150,3906
5498049155,3907
5507719904,3908
5507719908,3909
5507719910,3910
5507719911,3911
5507719914,3912
5507719917,3913
5509741515,3914
5509741518,3915
5509741738,3916
5509741739,3917
5509741740,3918
5509741745,3919
5509847748,3920
5509847749,3921
5509847752,3922
5509847753,3923
5509847754,3924
5509847759,3925
5509847764,3926
5509847767,3927
5509847777,3928
5509847778,3929
5509847779,3930
5509847781,3931
5509847785,3932
5509847786,3933
5509847787,3934
5509847788,3935
5509847789,3936
5509847792,3937
5509847793,3938
5509847794,3939
5509847795,3940
5509847796,3941
5509847797,3942
5509847798,3943
5509847799,3944
5509847800,3945
5509847801,3946
5509847802,3947
5509847803,3948
5509847804,3949
5509847805,3950
5509847806,3951
5509847811,3952
5509847812,3953
5509847813,3954
5509847815,3955
5509847817,3956
5509847820,3957
5509847921,3958
5509847922,3959
5509847923,3960
5509847924,3961
5509847925,3962
5509847926,3963
5509847927,3964
5509847933,3965
5509847937,3966
5509847938,3967
5509847940,3968
5509847941,3969
5509847942,3970
5509847943,3971
5509847944,3972
5509847947,3973
5509847948,3974
5509847951,3975
5509847952,3976
5509847957,3977
5509847958,3978
5509847959,3979
5509847960,3980
5509847962,3981
5509847963,3982
5509847964,3983
5509847965,3984
5509847966,3985
5509847967,3986
5509847968,3987
5509847969,3988
5509847970,3989
5509847971,3990
5509847972,3991
5509847973,3992
5509847974,3993
5509847975,3994
5509847976,3995
5509847979,3996
5509847980,3997
5509847981,3998
5509847982,3999
5509939264,4000
5509939268,4001
5510003746,4002
5510003748,4003
5510020348,4004
5510020349,4005
5510020352,4006
5510028763,4007
5510038913,4008
5510047511,4009
5510047513,4010
5510047514,4011
5510047516,4012
5510047517,4013
5510047518,4014
5510047519,4015
5510047520,4016
5510048521,4017
5510048523,4018
5510048524,4019
5549358779,4020
5578846663,4021
5578846670,4022
5578846707,4023
5578846708,4024
5578846709,4025
5578846710,4026
5578846711,4027
5578846712,4028
5578859353,4029
5578859355,4030
5578859356,4031
5578859357,4032
5578859358,4033
5578859360,4034
5578859361,4035
5578859362,4036
5578859363,4037
5578859370,4038
5578859375,4039
5578859376,4040
5578859378,4041
5578859380,4042
5636738652,4043
5721703101,4044
5725800544,4045
5725800558,4046
5725800560,4047
5725800561,4048
5725800562,4049
5725800563,4050
5755083483,4051
5755083484,4052
5755083485,4053
5755083486,4054
5755083487,4055
5755083488,4056
5755083489,4057
5755083490,4058
5755083493,4059
5755083494,4060
5755083498,4061
5755083499,4062
5755083500,4063
5755083501,4064
5755083502,4065
5755083503,4066
5755083504,4067
5755083505,4068
5755083506,4069
5755083508,4070
5755083509,4071
5755083512,4072
5755083513,4073
5755083515,4074
5755083516,4075
5755083517,4076
5755083519,4077
5755083520,4078
5755083521,4079
5755083522,4080
5755083525,4081
5755083526,4082
5755083527,4083
5755083529,4084
5755083530,4085
5755083535,4086
5755083542,4087
5755083543,4088
5755083545,4089
5755083546,4090
5755083547,4091
5755083548,4092
5755083549,4093
5755083551,4094
5769580862,4095
5769580865,4096
5777251909,4097
5777251912,4098
5777251913,4099
5777251914,4100
5777251919,4101
5777251925,4102
5777251929,4103
5777251933,4104
5777433491,4105
5777433492,4106
5777433493,4107
5777433501,4108
5777433502,4109
5777433503,4110
5777433504,4111
5777433505,4112
5777433506,4113
5777433507,4114
5777433731,4115
5777433732,4116
5777433733,4117
5808741407,4118
5808741412,4119
5808741435,4120
5808741437,4121
5808741438,4122
5808741439,4123
5808741441,4124
5808741442,4125
5808741445,4126
5808741452,4127
5808742054,4128
5824604280,4129
5824604282,4130
5824604285,4131
5824604286,4132
5824604287,4133
5824604288,4134
5824604289,4135
5824604290,4136
5824604291,4137
5824604292,4138
5824604293,4139
5824604294,4140
5824604295,4141
5824604298,4142
5824604299,4143
5824604300,4144
5824604307,4145
5824604308,4146
5824604313,4147
5824604316,4148
5824604317,4149
5824604318,4150
5824604319,4151
5824604320,4152
5824604321,4153
5824604322,4154
5824604323,4155
5824604324,4156
5824604325,4157
5824604326,4158
5824604333,4159
5824604334,4160
5824604335,4161
5824604336,4162
5824604342,4163
5824604343,4164
5824604344,4165
5824604346,4166
5824604347,4167
5824604348,4168
5824604349,4169
5824604350,4170
5824604351,4171
5824604352,4172
5824604353,4173
5824604354,4174
5824604359,4175
5824604362,4176
5824604363,4177
5824604364,4178
5824604365,4179
5824604370,4180
5824604371,4181
5824604372,4182
5824604375,4183
5824604376,4184
5824604377,4185
5824604379,4186
5824604380,4187
5824604381,4188
5824604382,4189
5824604383,4190
5824604387,4191
5824604388,4192
5824604389,4193
5824604391,4194
5824604394,4195
5824604395,4196
5824604396,4197
5824604397,4198
5824604398,4199
5824604401,4200
5824604402,4201
5824604404,4202
5824604405,4203
5824604406,4204
5824604419,4205
5824604422,4206
5824604423,4207
5824604490,4208
5824604491,4209
5824604492,4210
5824604493,4211
5824604494,4212
5824604495,4213
5824604496,4214
5824604497,4215
5824604504,4216
5824604506,4217
5824619930,4218
5824619931,4219
5824619932,4220
5824619933,4221
5824619934,4222
5824619935,4223
5824619936,4224
5824619937,4225
5824619940,4226
5824619941,4227
5897122597,4228
5898135194,4229
5898135195,4230
5898135196,4231
5898135198,4232
5898135199,4233
5898135200,4234
5898135201,4235
5898135202,4236
5898135204,4237
5898135205,4238
5898135207,4239
5898135208,4240
5898135209,4241
5898135210,4242
5898135211,4243
5898135212,4244
5898135216,4245
5898135217,4246
5898135219,4247
5898135220,4248
5898135221,4249
5898135222,4250
5898135223,4251
5898135224,4252
5898135225,4253
5898135226,4254
5898135227,4255
5898135228,4256
5898135229,4257
5898135237,4258
5898135238,4259
5898135239,4260
5898135240,4261
5898135241,4262
5898135242,4263
5898135245,4264
5898135246,4265
5898135248,4266
5898135249,4267
5898135250,4268
5898135252,4269
5898135253,4270
5898135254,4271
5898135255,4272
5898135256,4273
5898135257,4274
5898135259,4275
5898135260,4276
5898135261,4277
5898135263,4278
5898135264,4279
5898135268,4280
5898135269,4281
5898135273,4282
5898135274,4283
5898135277,4284
5898135278,4285
5898135279,4286
5898135283,4287
5898135284,4288
5898135885,4289
5898135887,4290
5898135888,4291
5898135889,4292
5898135890,4293
5898135891,4294
5898135893,4295
5898135894,4296
5898135902,4297
5898135903,4298
5898135909,4299
5898135910,4300
5898135912,4301
5898135913,4302
5898135920,4303
5898135921,4304
5898135922,4305
5898135923,4306
5898135924,4307
5898135925,4308
5898135926,4309
5898135927,4310
5898135928,4311
5898135929,4312
5898135931,4313
5898135932,4314
5898135933,4315
5898135934,4316
5898135935,4317
5898135936,4318
5898135941,4319
5898135942,4320
5898135943,4321
5898135944,4322
5898135945,4323
5898135946,4324
5898135947,4325
5898135948,4326
5898135949,4327
5898135950,4328
5898135952,4329
5898135953,4330
5898135954,4331
5898135955,4332
5898135956,4333
5898135957,4334
5898135958,4335
5898135959,4336
5898135972,4337
5898135974,4338
5898135975,4339
5898135980,4340
5898135981,4341
5898136085,4342
5898136087,4343
5901876101,4344
5901876108,4345
5901876109,4346
5901876114,4347
5901876115,4348
5901931857,4349
5901931858,4350
5901931859,4351
5901931860,4352
5901931861,4353
5901931862,4354
5901931863,4355
5901931868,4356
5901931869,4357
5901931870,4358
5901931871,4359
5904084573,4360
5904084574,4361
5904084575,4362
5904084576,4363
5904084579,4364
5904084580,4365
5904084581,4366
5904085388,4367
5905816638,4368
5905816639,4369
5905816640,4370
5905816641,4371
5905816642,4372
5905816643,4373
5905816645,4374
5905816648,4375
5905816649,4376
5905816651,4377
5905816652,4378
5905816654,4379
5905816655,4380
5905816658,4381
5905816659,4382
5905816671,4383
5905816673,4384
5905816674,4385
5905816676,4386
5905816679,4387
5905816681,4388
5905816804,4389
5905816808,4390
5905816821,4391
5905816823,4392
5905841111,4393
5905841113,4394
5905841114,4395
5905841115,4396
5905841116,4397
5905841117,4398
5905841119,4399
5905841120,4400
5905841121,4401
5905870237,4402
5905870238,4403
5905870242,4404
5905870243,4405
5905870245,4406
5905870246,4407
5905870247,4408
5905870248,4409
5905870251,4410
5905870252,4411
5905870253,4412
5905870254,4413
5905870255,4414
5905870257,4415
5905870265,4416
5905870266,4417
5905870267,4418
5905870268,4419
5905870270,4420
5905870271,4421
5905870277,4422
5905870278,4423
5905870279,4424
5905870280,4425
5905870281,4426
5905870282,4427
5905870283,4428
5905870284,4429
5905871185,4430
5905871186,4431
5905871187,4432
5905871188,4433
5905871189,4434
5905871190,4435
5905871191,4436
5905871192,4437
5905871193,4438
5905871194,4439
5905871195,4440
5905871196,4441
5905871197,4442
5905871200,4443
5905871201,4444
5905871202,4445
5905871203,4446
5905871208,4447
5905871213,4448
5905871217,4449
5907622014,4450
5907622015,4451
5913128278,4452
5913128279,4453
5913128280,4454
5913128281,4455
5913128283,4456
5913128284,4457
5913132385,4458
5913132386,4459
5913132387,4460
5913132388,4461
5913132389,4462
5913132390,4463
5913132393,4464
5913132395,4465
5913132396,4466
5913132399,4467
5913132400,4468
5913132401,4469
5913132402,4470
5913132405,4471
5913132411,4472
5913132412,4473
5913132413,4474
5913132417,4475
5913132419,4476
5913132420,4477
5913132421,4478
5913132422,4479
5913132423,4480
5913132424,4481
5913132425,4482
5913132427,4483
5913132430,4484
5913132431,4485
5913132441,4486
5913132448,4487
5913132449,4488
5913132458,4489
5913132464,4490
5913132465,4491
5913132466,4492
5913132469,4493
5913132470,4494
5913132471,4495
5913132472,4496
5913132473,4497
5913132474,4498
5913132479,4499
5913132480,4500
5913132489,4501
5913132490,4502
5913132491,4503
5913132492,4504
5913132493,4505
5913132494,4506
5913132495,4507
5913132496,4508
5913132497,4509
5913132498,4510
5913132499,4511
5913132501,4512
5913132504,4513
5913132505,4514
5913132506,4515
5913132507,4516
5913132511,4517
5913132512,4518
5913132513,4519
5913132514,4520
5913132516,4521
5913132517,4522
5913132518,4523
5913132519,4524
5913132520,4525
5913132521,4526
5913132524,4527
5913132525,4528
5913132527,4529
6004182235,4530
6004182236,4531
6004182238,4532
6004182241,4533
6004182245,4534
6004182246,4535
6004182250,4536
6004182257,4537
6004182260,4538
6004209429,4539
6043970554,4540
6043970555,4541
6043970556,4542
6043970557,4543
6043971629,4544
6043971630,4545
6043971631,4546
6043971639,4547
6043971642,4548
6043971655,4549
6043971656,4550
6043971659,4551
6043971662,4552
6043971663,4553
6043971664,4554
6043971677,4555
6043971737,4556
6043971847,4557
6043971849,4558
6043971854,4559
6043971855,4560
6043971856,4561
6043971857,4562
6068385118,4563
6068385121,4564
6253025738,4565
6253025739,4566
6253026972,4567
6263418089,4568
6263418165,4569
6263418379,4570
6263418380,4571
6263418381,4572
6263418382,4573
6275997498,4574
6275997512,4575
6276137351,4576
6276137352,4577
6276137353,4578
6276137354,4579
6276137355,4580
6276137356,4581
6276137357,4582
6276137358,4583
6276137359,4584
6276137361,4585
6276137396,4586
6276137398,4587
6276137407,4588
6276137408,4589
6283123997,4590
6283123998,4591
6283124054,4592
6283124056,4593
6283124057,4594
6283124058,4595
6283124139,4596
6283124141,4597
6283124142,4598
6283124143,4599
6283124146,4600
6283124173,4601
6283854243,4602
6283854244,4603
6283854247,4604
6283854248,4605
6284123649,4606
6284123674,4607
6284123676,4608
6284123677,4609
6284123678,4610
6284123683,4611
6284123684,4612
6284124125,4613
6284124127,4614
6284124128,4615
6284506251,4616
6284506254,4617
6284506564,4618
6284506565,4619
6285286485,4620
6285286489,4621
6285286498,4622
6285286499,4623
6312424592,4624
6312424594,4625
6312425123,4626
6312425141,4627
6312425142,4628
6312425258,4629
6312425699,4630
6312425785,4631
6312425792,4632
6312425863,4633
6312425864,4634
6312425865,4635
6312425867,4636
6312425870,4637
6312425873,4638
6312425874,4639
6312425985,4640
6312425988,4641
6312425989,4642
6312425990,4643
6312425992,4644
6312426001,4645
6312426003,4646
6312426004,4647
6312426009,4648
6312426010,4649
6312426013,4650
6312426024,4651
6312426025,4652
6312426028,4653
6312426030,4654
6312426064,4655
6312426065,4656
6312426072,4657
6312426074,4658
6312426075,4659
6312426231,4660
6312426232,4661
6312426235,4662
6312426237,4663
6312426258,4664
6312676405,4665
6312676408,4666
6312676423,4667
6312676462,4668
6312676464,4669
6312676475,4670
6312676477,4671
6312676481,4672
6312676482,4673
6312676483,4674
6312676492,4675
6312676494,4676
6312676497,4677
6312676500,4678
6312676518,4679
6312676520,4680
6312676524,4681
6312676527,4682
6312676538,4683
6312676544,4684
6312676548,4685
6312676722,4686
6312676735,4687
6312676743,4688
6312676746,4689
6312676762,4690
6312676763,4691
6312676764,4692
6312676779,4693
6312676781,4694
6312676797,4695
6312676798,4696
6312676799,4697
6312676806,4698
6312676807,4699
6312676811,4700
6312676813,4701
6312676816,4702
6312676819,4703
6312676861,4704
6312677026,4705
6312677208,4706
6312677211,4707
6312677212,4708
6312677214,4709
6312677215,4710
6312677216,4711
6312677217,4712
6312677218,4713
6312677281,4714
6312677287,4715
6312677288,4716
6312677289,4717
6312677290,4718
6312677291,4719
6312677292,4720
6312677293,4721
6312677294,4722
6312677295,4723
6312677296,4724
6312677297,4725
6312677298,4726
6312677299,4727
6312677300,4728
6312677301,4729
6312677303,4730
6312677304,4731
6312677305,4732
6312677306,4733
6312677307,4734
6312677308,4735
6312677309,4736
6312677310,4737
6312677311,4738
6312677313,4739
6312677314,4740
6312677315,4741
6312677317,4742
6312677318,4743
6312677319,4744
6312677321,4745
6312677326,4746
6312677327,4747
6312677328,4748
6312677331,4749
6312677332,4750
6312677333,4751
6312677334,4752
6312677342,4753
6312677370,4754
6312677371,4755
6312677372,4756
6312677379,4757
6312786564,4758
6312786566,4759
6312786584,4760
6312786685,4761
6312786700,4762
6312786701,4763
6312786713,4764
6312786715,4765
6312786716,4766
6312786717,4767
6312786718,4768
6312786847,4769
6312786848,4770
6312786857,4771
6312786858,4772
6312786859,4773
6312786861,4774
6312786931,4775
6312786932,4776
6312786933,4777
6312787116,4778
6312787120,4779
6312787149,4780
6312787150,4781
6312787156,4782
6312787160,4783
6312787164,4784
6312787165,4785
6312787191,4786
6312787222,4787
6312787228,4788
6312787232,4789
6312787300,4790
6313051162,4791
6313051163,4792
6313053010,4793
6313053019,4794
6313053020,4795
6313053055,4796
6313053056,4797
6313053057,4798
6313053079,4799
6313053084,4800
6313053502,4801
6313053503,4802
6313053510,4803
6313053517,4804
6313053518,4805
6313053523,4806
6313053524,4807
6313053532,4808
6313053533,4809
6313053534,4810
6313053535,4811
6313053536,4812
6313053537,4813
6313053538,4814
6313053539,4815
6313053540,4816
6313053564,4817
6313053565,4818
6313053576,4819
6313053577,4820
6313053581,4821
6313053584,4822
6313053726,4823
6313054009,4824
6313054010,4825
6313054050,4826
6313054051,4827
6313054084,4828
6313054235,4829
6313054244,4830
6313054246,4831
6313054257,4832
6313054258,4833
6313054259,4834
6313054260,4835
6313054261,4836
6313054272,4837
6313054274,4838
6313054275,4839
6313054279,4840
6313054280,4841
6313054281,4842
6313054284,4843
6313054386,4844
6313054387,4845
6313054389,4846
6313054392,4847
6313054405,4848
6313054410,4849
6313054419,4850
6313054461,4851
6313054633,4852
6313054710,4853
6313054776,4854
6313054777,4855
6313054784,4856
6313054796,4857
6313054807,4858
6313054813,4859
6313054823,4860
6313054830,4861
6313054831,4862
6313054838,4863
6313054874,4864
6313054887,4865
6313054891,4866
6313055059,4867
6313055189,4868
6313055192,4869
6313055193,4870
6313055198,4871
6313055199,4872
6313055217,4873
6313055231,4874
6313055235,4875
6313055241,4876
6313055242,4877
6313055246,4878
6313055247,4879
6313055248,4880
6313055249,4881
6313055279,4882
6313055282,4883
6313055305,4884
6313055607,4885
6313175921,4886
6313175922,4887
6313175923,4888
6313175954,4889
6313175960,4890
6313175962,4891
6313175963,4892
6313175967,4893
6313175970,4894
6313176096,4895
6313176097,4896
6313176098,4897
6313176170,4898
6313176257,4899
6313176329,4900
6313176330,4901
6313176331,4902
6313176332,4903
6313176335,4904
6313176337,4905
6313176338,4906
6313176344,4907
6313176359,4908
6313176360,4909
6313176371,4910
6313176499,4911
6313176773,4912
6313176776,4913
6313176898,4914
6313176925,4915
6313176929,4916
6313176930,4917
6313176931,4918
6313176949,4919
6313176950,4920
6313176968,4921
6313176969,4922
6313176980,4923
6313176981,4924
6313176983,4925
6313176984,4926
6313177085,4927
6313177095,4928
6313177099,4929
6313177148,4930
6313177160,4931
6313177179,4932
6313177188,4933
6313177190,4934
6313177191,4935
6313177192,4936
6313177193,4937
6313177194,4938
6313177195,4939
6313177196,4940
6313177197,4941
6313177198,4942
6313177201,4943
6313177219,4944
6313177226,4945
6313177231,4946
6313177232,4947
6313177233,4948
6313177234,4949
6313177235,4950
6313177236,4951
6313177237,4952
6313177240,4953
6313177242,4954
6313177243,4955
6313177244,4956
6313177250,4957
6313177251,4958
6313177265,4959
6313177275,4960
6313177276,4961
6313177277,4962
6313177278,4963
6313177279,4964
6313177280,4965
6313177282,4966
6313177284,4967
6313177385,4968
6313177479,4969
6313177480,4970
6313177483,4971
6313177484,4972
6313177585,4973
6313177586,4974
6313177587,4975
6313177588,4976
6313177589,4977
6313177594,4978
6313177596,4979
6313177597,4980
6313177598,4981
6313177599,4982
6313177600,4983
6313177601,4984
6313177602,4985
6313177603,4986
6313177604,4987
6313177605,4988
6313177606,4989
6313177607,4990
6313177608,4991
6313177609,4992
6313177632,4993
6313177633,4994
6313177794,4995
6313177795,4996
6313177818,4997
6313263152,4998
6313263153,4999
6313263154,5000
6313263155,5001
6313263156,5002
6313263163,5003
6313263421,5004
6313263422,5005
6313263485,5006
6313263486,5007
6313263487,5008
6313263488,5009
6313263489,5010
6313263490,5011
6313263491,5012
6313263492,5013
6313263493,5014
6313263495,5015
6313263553,5016
6313263554,5017
6313263555,5018
6313263557,5019
6313263635,5020
6313263652,5021
6313263654,5022
6313263657,5023
6313263666,5024
6313263668,5025
6313263669,5026
6313263700,5027
6313263837,5028
6313263838,5029
6313263840,5030
6313263841,5031
6313263842,5032
6313263843,5033
6313263902,5034
6313263904,5035
6313263928,5036
6313263931,5037
6313263932,5038
6313263997,5039
6313263999,5040
6313264002,5041
6313264019,5042
6313264116,5043
6313264117,5044
6313264166,5045
6313264167,5046
6313264170,5047
6313264180,5048
6313515409,5049
6313515435,5050
6313519355,5051
6313519356,5052
6313519357,5053
6313519358,5054
6313519359,5055
6313519409,5056
6313519415,5057
6313519417,5058
6313519418,5059
6313519446,5060
6313519447,5061
6313519466,5062
6313519467,5063
6313519559,5064
6313519560,5065
6313519669,5066
6313519670,5067
6313519676,5068
6313519710,5069
6313519826,5070
6313519827,5071
6313519828,5072
6313519829,5073
6313519903,5074
6313519919,5075
6313519920,5076
6313519921,5077
6313519927,5078
6313519928,5079
6313519957,5080
6313520041,5081
6313520042,5082
6313520049,5083
6313520050,5084
6313520054,5085
6313520057,5086
6313520058,5087
6313520063,5088
6313520064,5089
6313520067,5090
6313520068,5091
6313520069,5092
6313520218,5093
6313520300,5094
6313520304,5095
6313520316,5096
6313520321,5097
6313583469,5098
6313583470,5099
6313583474,5100
6313583477,5101
6313583478,5102
6313583479,5103
6313583480,5104
6313585086,5105
6313585121,5106
6313585268,5107
6313585269,5108
6313585270,5109
6313585310,5110
6313585336,5111
6313585337,5112
6313585338,5113
6313585339,5114
6313585343,5115
6313585344,5116
6313585345,5117
6313585349,5118
6313585350,5119
6313585351,5120
6313585366,5121
6313585367,5122
6313585379,5123
6313585380,5124
6313585408,5125
6313585409,5126
6313585410,5127
6313585411,5128
6313585412,5129
6313585413,5130
6313585630,5131
6313585634,5132
6313585635,5133
6313585637,5134
6313585638,5135
6313585707,5136
6313585708,5137
6313585721,5138
6313585722,5139
6313585730,5140
6313585731,5141
6313585784,5142
6313585787,5143
6313585788,5144
6313585789,5145
6313585790,5146
6313585791,5147
6313585818,5148
6313585819,5149
6313585820,5150
6313585830,5151
6313585883,5152
6313585884,5153
6313585885,5154
6313585897,5155
6313585898,5156
6313586005,5157
6313586146,5158
6313586159,5159
6313586306,5160
6313924229,5161
6313924234,5162
6313924516,5163
6313924520,5164
6313925090,5165
6313925096,5166
6313925097,5167
6313925098,5168
6313925122,5169
6313925341,5170
6313925342,5171
6313925343,5172
6313925625,5173
6313925626,5174
6313925627,5175
6313925632,5176
6313926546,5177
6313926547,5178
6313926548,5179
6314116758,5180
6314116761,5181
6314116762,5182
6314116763,5183
6314116764,5184
6314116765,5185
6314116766,5186
6314116767,5187
6314116768,5188
6314118143,5189
6314118147,5190
6314396030,5191
6314453714,5192
6314453715,5193
6314453720,5194
6314453819,5195
6314453820,5196
6314454129,5197
6314454180,5198
6314454183,5199
6314454184,5200
6314454187,5201
6314703266,5202
6324986987,5203
6324986998,5204
6324987020,5205
6324987021,5206
6324987022,5207
6324987023,5208
6325444653,5209
6325444914,5210
6325444915,5211
6325444919,5212
6325444922,5213
6325444924,5214
6325444925,5215
6325444929,5216
6325444930,5217
6325444931,5218
6325444932,5219
6325444936,5220
6325445085,5221
6325445086,5222
6325445087,5223
6325445088,5224
6325445092,5225
6325445118,5226
6325445119,5227
6325445122,5228
6325445124,5229
6325445125,5230
6325445126,5231
6325445167,5232
6325445168,5233
6325445169,5234
6325445503,5235
6325445509,5236
6325445546,5237
6325445549,5238
6325445550,5239
6325445551,5240
6325445552,5241
6325445558,5242
6325445561,5243
6325445562,5244
6325445568,5245
6325445692,5246
6325445693,5247
6325445694,5248
6325445695,5249
6325445696,5250
6325445697,5251
6325445698,5252
6325445699,5253
6325445700,5254
6325445734,5255
6325445741,5256
6325445751,5257
6325445754,5258
6325445755,5259
6325445758,5260
6325445762,5261
6325445767,5262
6325445774,5263
6325445775,5264
6325446086,5265
6325446087,5266
6325446090,5267
6325446143,5268
6325667327,5269
6325667328,5270
6325667329,5271
6325667363,5272
6325667366,5273
6325667369,5274
6325667370,5275
6325667373,5276
6325667386,5277
6325667388,5278
6325667389,5279
6325667390,5280
6325667414,5281
6325667415,5282
6325667416,5283
6325667417,5284
6325667418,5285
6325667419,5286
6325667421,5287
6325667423,5288
6325667424,5289
6325667427,5290
6325667428,5291
6325667429,5292
6325667430,5293
6325667431,5294
6325667432,5295
6325667433,5296
6325667438,5297
6325667440,5298
6325667442,5299
6325667445,5300
6325667449,5301
6325667450,5302
6325667451,5303
6325667452,5304
6325667454,5305
6325667455,5306
6325667460,5307
6325667461,5308
6325667462,5309
6325667463,5310
6325667472,5311
6325667473,5312
6325667474,5313
6325667477,5314
6325667478,5315
6325667568,5316
6325667569,5317
6325667570,5318
6326297292,5319
6326297295,5320
6326297388,5321
6326297407,5322
6326297410,5323
6326297439,5324
6326297440,5325
6326297441,5326
6326297625,5327
6326297656,5328
6326297753,5329
6326297754,5330
6326297782,5331
6326297829,5332
6326297831,5333
6326297837,5334
6326297838,5335
6326297839,5336
6326297840,5337
6326297841,5338
6326297842,5339
6326298052,5340
6326298066,5341
6326298078,5342
6326298092,5343
6326298094,5344
6326298122,5345
6326298123,5346
6326298124,5347
6326298126,5348
6326298128,5349
6326298298,5350
6326298330,5351
6326298331,5352
6326298337,5353
6326298338,5354
6326298339,5355
6326298341,5356
6326298343,5357
6326298368,5358
6326298373,5359
6326298374,5360
6326298384,5361
6326298392,5362
6326298395,5363
6326298397,5364
6326466447,5365
6326466518,5366
6326466520,5367
6326466527,5368
6326466541,5369
6326466550,5370
6326466551,5371
6326466552,5372
6326466572,5373
6326466579,5374
6326466583,5375
6326466584,5376
6326466586,5377
6326466587,5378
6326466588,5379
6326466706,5380
6326466765,5381
6326466770,5382
6326466771,5383
6326466781,5384
6326466788,5385
6326466789,5386
6326466795,5387
6326466796,5388
6326466797,5389
6326466840,5390
6326504578,5391
6326504761,5392
6326504922,5393
6326504923,5394
6326504924,5395
6326531685,5396
6326531686,5397
6326531786,5398
6326531800,5399
6327767420,5400
6327767438,5401
6327767440,5402
6327767448,5403
6327767453,5404
6327767482,5405
6327768514,5406
6327768517,5407
6327768583,5408
6327768584,5409
6327768587,5410
6327768588,5411
6327768615,5412
6327768617,5413
6327768657,5414
6327768658,5415
6327768659,5416
6327768759,5417
6327768776,5418
6327768779,5419
6327768780,5420
6327768785,5421
6327768822,5422
6327768829,5423
6327902974,5424
6327902975,5425
6327902983,5426
6327905528,5427
6327905529,5428
6327905848,5429
6327906001,5430
6327906002,5431
6327906003,5432
6327906004,5433
6327906005,5434
6327906007,5435
6327906008,5436
6327906290,5437
6328143957,5438
6328143958,5439
6328143961,5440
6328143962,5441
6351365968,5442
6373255815,5443
6373255874,5444
6373255875,5445
6373255876,5446
6373255878,5447
6373255879,5448
6373255880,5449
6373255881,5450
6373255883,5451
6373255884,5452
6373257700,5453
6373257701,5454
6373257772,5455
6373257775,5456
6373257776,5457
6373257777,5458
6373257779,5459
6373257783,5460
6373257784,5461
6373257785,5462
6373257786,5463
6416284699,5464
6430386586,5465
6430386587,5466
6430386588,5467
6430386595,5468
6430386596,5469
6430386597,5470
6430386598,5471
6430386603,5472
6430386604,5473
6430386605,5474
6430386639,5475
6524832881,5476
6534526295,5477
6534526296,5478
6546573301,5479
6546573304,5480
6546573306,5481
6546573307,5482
6546573308,5483
6546573321,5484
6549287008,5485
6549287013,5486
6549287018,5487
6565410398,5488
6565410460,5489
6565410461,5490
6565410463,5491
6566249865,5492
6566249866,5493
6566249877,5494
6566277825,5495
6566277826,5496
6566297186,5497
6566297192,5498
6567782075,5499
6567782076,5500
6620380024,5501
6620380047,5502
6620380048,5503
6620380053,5504
6620421338,5505
6620503333,5506
6620503343,5507
6621830733,5508
6622846385,5509
6622846390,5510
6622846391,5511
6622846392,5512
6623149601,5513
6623149602,5514
6623149604,5515
6625204195,5516
6625268752,5517
6625268784,5518
6625294497,5519
6625294510,5520
6625294514,5521
6625294515,5522
6625294516,5523
6625294518,5524
6625302246,5525
6625302254,5526
6625302257,5527
6625302258,5528
6625302265,5529
6625302267,5530
6627146838,5531
6627695232,5532
6627695234,5533
6627695235,5534
6627695238,5535
6627695255,5536
6627827944,5537
6627827959,5538
6627827964,5539
6627827966,5540
6627827977,5541
6628705609,5542
6628705610,5543
6628705611,5544
6628831799,5545
6628831855,5546
6628831877,5547
6628831878,5548
6628831879,5549
6630054645,5550
6630054646,5551
6630054647,5552
6630054648,5553
6630054649,5554
6630054650,5555
6630054651,5556
6630054652,5557
6630054654,5558
6630054655,5559
6630054656,5560
6630187654,5561
6630187657,5562
6630187659,5563
6630187660,5564
6630187683,5565
6632518622,5566
6632518650,5567
6632518654,5568
6632518655,5569
6632518656,5570
6632518658,5571
6632518670,5572
6632518672,5573
6632518674,5574
6632518675,5575
6632526010,5576
6632526013,5577
6632526014,5578
6632526015,5579
6632526030,5580
6632526035,5581
6632526036,5582
6632526037,5583
6632634201,5584
6632634203,5585
6633198140,5586
6633198145,5587
6633198146,5588
6633212025,5589
6633212028,5590
6633212031,5591
6633212032,5592
6633294254,5593
6633294255,5594
6633294256,5595
6633303998,5596
6633304014,5597
6633304039,5598
6633304048,5599
6633304051,5600
6633304053,5601
6647628541,5602
6647628542,5603
6672809946,5604
6672809947,5605
6672876411,5606
6738078253,5607
6738078254,5608
6738078255,5609
6738078256,5610
6738078257,5611
6738078258,5612
6738078261,5613
6738078262,5614
6738193077,5615
6738193078,5616
6738193080,5617
6738193081,5618
6738193082,5619
6738193084,5620
6738224285,5621
6738224286,5622
6738224287,5623
6738224290,5624
6738224292,5625
6738224295,5626
6738224296,5627
6738224300,5628
6738224301,5629
6741805200,5630
6768741930,5631
6768741931,5632
6768741932,5633
6784336335,5634
6784336338,5635
6784396539,5636
6784396540,5637
6784860414,5638
6784860567,5639
6784860570,5640
6790022014,5641
6790022015,5642
6790022016,5643
6790022018,5644
6790022019,5645
6790022020,5646
6790022023,5647
6790022024,5648
6790022025,5649
6790022034,5650
6790022039,5651
6790022040,5652
6790022041,5653
6790022042,5654
6790022043,5655
6790022044,5656
6790022045,5657
6790022046,5658
6790022047,5659
6790022048,5660
6790022049,5661
6790022050,5662
6790022054,5663
6790022055,5664
6790022056,5665
6790108528,5666
6790359115,5667
6790359123,5668
6790359124,5669
6790359125,5670
6790359126,5671
6790359127,5672
6790359128,5673
6790359137,5674
6790359138,5675
6790359139,5676
6790359140,5677
6791726011,5678
6791726012,5679
6821949524,5680
6821975348,5681
6821975367,5682
6821975368,5683
7184847139,5684
7184847173,5685
7184847176,5686
7184847207,5687
7184847216,5688
7193046626,5689
7193046627,5690
7193046628,5691
7193046629,5692
7193046632,5693
7193046636,5694
7193046637,5695
7193046638,5696
7193046643,5697
7193046646,5698
7301966917,5699
7301966918,5700
7301966930,5701
7314613898,5702
7314613905,5703
7385755176,5704
7477931583,5705
7477947885,5706
7477947891,5707
7477947893,5708
7477947894,5709
7477947895,5710
7477947897,5711
7477947898,5712
7477947904,5713
7477947907,5714
7477947909,5715
7477947913,5716
7477947915,5717
7477947918,5718
7477947919,5719
7477947920,5720
7477947921,5721
7477947922,5722
7477947927,5723
7477947928,5724
7477947929,5725
7477947930,5726
7477947933,5727
7478477040,5728
7478945662,5729
7478945663,5730
7478945667,5731
7478945679,5732
7478945681,5733
7712725705,5734
7712725706,5735
7712735412,5736
7788691328,5737
7788691339,5738
7788691340,5739
7788691341,5740
7788691346,5741
7788691350,5742
7788691369,5743
7788691381,5744
7788691894,5745
7788691899,5746
7788691900,5747
7788691932,5748
7788691958,5749
7788691959,5750
7788691963,5751
7788691965,5752
7794109769,5753
7812469788,5754
7812469789,5755
7812469793,5756
7828101843,5757
7828101844,5758
7828101846,5759
7828101848,5760
7828101849,5761
7828113603,5762
7878030748,5763
7878030749,5764
7878030750,5765
7878030754,5766
7878030756,5767
7878030759,5768
7878030763,5769
7878030767,5770
7878030768,5771
7878037179,5772
7878037181,5773
7878037182,5774
7878037184,5775
7878039440,5776
7878039441,5777
7878039442,5778
7878039444,5779
7878039446,5780
7878080985,5781
7878080986,5782
7880044135,5783
7880044137,5784
7880947987,5785
7880947993,5786
7894498546,5787
7894498547,5788
7915338809,5789
7915338813,5790
7915338814,5791
7915338849,5792
7915338855,5793
7915338864,5794
7915338865,5795
7915338866,5796
7915338872,5797
7981096906,5798
7981096907,5799
7981096919,5800
7981297357,5801
7981297358,5802
7981297359,5803
7981297360,5804
7981297361,5805
7981297363,5806
7981297364,5807
7981297365,5808
7981297370,5809
7981297371,5810
7981297372,5811
7981297373,5812
7981297374,5813
7984022037,5814
7984022041,5815
7984059848,5816
7984059849,5817
7984059850,5818
7984059851,5819
7984059854,5820
7984059855,5821
7984059856,5822
7984059858,5823
7984059859,5824
7984059863,5825
7984059864,5826
7984059866,5827
7984059867,5828
7984059869,5829
7985204306,5830
7985204328,5831
7985204337,5832
7985204340,5833
7985204345,5834
7985204351,5835
7985204391,5836
7985204402,5837
7985204431,5838
7985204436,5839
7985204447,5840
7985204466,5841
7985204469,5842
7985204484,5843
7985204495,5844
7985204514,5845
7985204515,5846
7985204518,5847
7985204527,5848
7985204532,5849
7985204539,5850
7985204540,5851
7985204549,5852
7985204556,5853
7985204557,5854
7985244027,5855
7985405816,5856
7985405818,5857
7985405819,5858
7987931565,5859
7987931568,5860
7987931570,5861
7988056388,5862
7988056390,5863
7988056391,5864
7988056392,5865
7988056393,5866
7988056394,5867
7988056395,5868
7988056396,5869
7988056397,5870
7988056398,5871
7988056399,5872
7988056400,5873
7988056401,5874
7988056402,5875
7988056403,5876
7988056405,5877
7988056406,5878
7988056407,5879
7988056408,5880
7988056409,5881
7988056410,5882
7988056411,5883
7988077990,5884
7988077991,5885
7988077992,5886
7991587478,5887
7991587479,5888
7991587480,5889
7992017094,5890
7994636328,5891
7994636330,5892
7994636331,5893
7994636334,5894
7994636335,5895
7994636341,5896
7994808841,5897
7994808843,5898
7994808846,5899
7994808847,5900
7994808850,5901
7994808851,5902
7994808852,5903
7994808853,5904
7999848514,5905
7999924251,5906
7999924252,5907
7999924253,5908
7999924257,5909
7999924258,5910
7999924259,5911
7999924262,5912
7999924263,5913
7999924271,5914
7999950612,5915
7999950613,5916
7999950614,5917
7999950615,5918
8002887495,5919
8002887496,5920
8002887497,5921
8002887499,5922
8002985288,5923
8003058303,5924
8003058305,5925
8003058307,5926
8003058308,5927
8005433539,5928
8007973312,5929
8008080772,5930
8008115632,5931
8008115640,5932
8014818314,5933
8022474928,5934
8022474929,5935
8035720963,5936
8065710625,5937
8065710626,5938
8065710627,5939
8065710628,5940
8065710639,5941
8065733415,5942
8077511804,5943
8077511805,5944
8080904687,5945
8080904713,5946
8080904714,5947
8080904715,5948
8080941722,5949
8080941723,5950
8080941724,5951
8080941725,5952
8080941726,5953
8080941727,5954
8080941736,5955
8080941737,5956
8080941738,5957
8080941739,5958
8080941740,5959
8080995452,5960
8081094002,5961
8081094003,5962
8081094004,5963
8081094005,5964
8081309202,5965
8081309204,5966
8081309205,5967
8081309206,5968
8081309207,5969
8081309208,5970
8081309209,5971
8081309210,5972
8081309211,5973
8082873420,5974
8082873421,5975
8082952154,5976
8087129930,5977
8087652894,5978
8090691322,5979
8090691323,5980
8090739183,5981
8090739184,5982
8090739185,5983
8090739186,5984
8090739187,5985
8092466140,5986
8092466141,5987
8096737789,5988
8096737791,5989
8096737793,5990
8096737795,5991
8096747526,5992
8096747527,5993
8096747528,5994
8096747529,5995
8096908301,5996
8096908302,5997
8096908306,5998
8096908310,5999
8096908315,6000
8096908316,6001
8096939317,6002
8096939318,6003
8096939319,6004
8096939321,6005
8096939322,6006
8150865748,6007
8150892717,6008
8150892719,6009
8152782133,6010
8153217082,6011
8153217083,6012
8153217084,6013
8153217085,6014
8153217086,6015
8153217087,6016
8153217088,6017
8153217089,6018
8153217090,6019
8201601843,6020
8204307298,6021
8204307299,6022
8221939124,6023
8221939129,6024
8221939130,6025
8221939131,6026
8221939133,6027
8221939134,6028
8221939135,6029
8222036925,6030
8222036926,6031
8222036930,6032
8222036931,6033
8222036939,6034
8222036940,6035
8222128526,6036
8222128527,6037
8222128529,6038
8222128530,6039
8222128531,6040
8222128532,6041
8233067046,6042
8233067047,6043
8233067048,6044
8233067049,6045
8233150457,6046
8233185911,6047
8234025205,6048
8234025206,6049
8234025207,6050
8234025208,6051
8234025209,6052
8234025210,6053
8234025211,6054
8234025214,6055
8234069217,6056
8248305266,6057
8248305281,6058
8248305285,6059
8248305288,6060
8248305289,6061
8248305290,6062
8248305291,6063
8248305292,6064
8248305294,6065
8248362066,6066
8248362069,6067
8248362071,6068
8248362072,6069
8248362073,6070
8248362074,6071
8248362076,6072
8248362077,6073
8248362079,6074
8248362080,6075
8248362081,6076
8248362084,6077
8248362086,6078
8266000908,6079
8266004919,6080
8270630214,6081
8270687118,6082
8270687120,6083
8270687121,6084
8270687126,6085
8270687127,6086
8270687128,6087
8270687129,6088
8270687130,6089
8270687133,6090
8270687138,6091
8272988824,6092
8272988825,6093
8285837989,6094
8285837990,6095
8296314347,6096
8296314352,6097
8296314355,6098
8296314359,6099
8296314360,6100
8299350120,6101
8299350122,6102
8299350123,6103
8299350125,6104
8299350126,6105
8299565617,6106
8299565622,6107
8299565623,6108
8299978139,6109
8299978140,6110
8299978141,6111
8299978142,6112
8299978143,6113
8299978144,6114
8299978145,6115
8299978150,6116
8299978151,6117
8299978152,6118
8299978153,6119
8299978161,6120
8299978162,6121
8299978170,6122
8299978171,6123
8299978172,6124
8299978177,6125
8299978178,6126
8299978182,6127
8299978184,6128
8299978186,6129
8299978187,6130
8299978193,6131
8299978195,6132
8299978196,6133
8299978197,6134
8299978198,6135
8299978199,6136
8299978200,6137
8300138892,6138
8300138894,6139
8300138895,6140
8300138897,6141
8300138898,6142
8300138904,6143
8300138912,6144
8300138913,6145
8300149217,6146
8300149218,6147
8300149220,6148
8300149222,6149
8300149223,6150
8300149224,6151
8300149230,6152
8300149231,6153
8300149237,6154
8300149253,6155
8300149254,6156
8300149260,6157
8300149264,6158
8300149265,6159
8301538026,6160
8301538031,6161
8301538032,6162
8301538033,6163
8301538034,6164
8301538035,6165
8301538036,6166
8301538037,6167
8301538043,6168
8301708091,6169
8301708092,6170
8301725119,6171
8301725125,6172
8301725126,6173
8301725131,6174
8301725139,6175
8301725144,6176
8301725145,6177
8301725148,6178
8301725149,6179
8301725150,6180
8301725152,6181
8301725153,6182
8301725158,6183
8301725160,6184
8301725161,6185
8302042237,6186
8307444098,6187
8307444099,6188
8307444100,6189
8307444102,6190
8307444103,6191
8307444105,6192
8307444106,6193
8307508719,6194
8307508726,6195
8307508742,6196
8307508743,6197
8307508744,6198
8307508745,6199
8307508748,6200
8307508749,6201
8307508752,6202
8307508753,6203
8307508754,6204
8307508755,6205
8309859627,6206
8346279084,6207
8346279097,6208
8347400838,6209
8347400839,6210
8347400840,6211
8347400851,6212
8347400852,6213
8347400853,6214
8347400854,6215
8365983582,6216
8365983583,6217
8365983587,6218
8365983590,6219
8365983594,6220
8365983597,6221
8365983608,6222
8365983667,6223
8365983673,6224
8365983674,6225
8365983675,6226
8365992979,6227
8365992980,6228
8365992986,6229
8365992987,6230
8365992996,6231
8365992998,6232
8365992999,6233
8365993000,6234
